"purchase_date","total_price","promo_code","sales_after_promo"
"2022-07-21",75000,2,70000
"2022-07-15",117000,2,112000
"2022-07-10",440000,2,435000
"2022-07-28",299999,2,294999
"2022-07-27",360000,2,355000
"2022-07-29",538850,2,533850
"2022-07-09",116000,2,111000
"2022-07-05",119600,2,114600
"2022-07-14",188000,2,183000
"2022-07-19",32000,2,27000
"2022-07-20",149600,2,144600
"2022-07-08",110000,2,105000
"2022-07-12",55000,2,50000
"2022-07-20",260000,2,255000
"2022-07-11",68888,2,63888
"2022-07-06",162500,2,157500
"2022-07-06",25500,2,20500
"2022-07-24",130000,2,125000
"2022-07-09",120000,2,115000
"2022-07-07",142000,2,137000
"2022-07-02",239700,2,234700
"2022-07-11",124900,2,119900
"2022-07-01",192000,1,177000
"2022-07-13",50000,2,45000
"2022-07-25",299700,2,294700
"2022-07-25",27000,2,22000
"2022-07-15",168750,2,163750
"2022-07-07",189000,2,184000
"2022-07-09",68000,2,63000
"2022-07-03",101000,2,96000
"2022-07-15",390000,2,385000
"2022-07-29",238000,2,233000
"2022-07-08",25260,2,20260
"2022-07-11",124800,2,119800
"2022-07-14",105000,2,100000
"2022-07-03",465000,2,460000
"2022-07-13",17400,2,12400
"2022-07-14",299800,2,294800
"2022-07-25",69000,2,64000
"2022-07-28",149900,2,144900
"2022-07-17",405000,2,400000
"2022-07-26",672000,2,667000
"2022-07-18",125000,2,120000
"2022-07-28",89700,2,84700
"2022-07-06",69642,2,64642
"2022-07-02",27600,2,22600
"2022-07-21",239400,2,234400
"2022-07-16",181500,2,176500
"2022-07-20",114000,2,109000
"2022-07-17",89000,2,84000
"2022-07-01",100029,1,85029
"2022-07-01",159000,2,154000
"2022-07-29",507000,2,502000
"2022-07-21",145000,2,140000
"2022-07-25",360000,2,355000
"2022-07-04",3340,2,-1660
"2022-07-29",347997,2,342997
"2022-07-13",59000,2,54000
"2022-07-10",415000,2,410000
"2022-07-12",159000,2,154000
"2022-07-24",550000,2,545000
"2022-07-01",154440,2,149440
"2022-07-11",808275,2,803275
"2022-07-06",25260,2,20260
"2022-07-22",318000,2,313000
"2022-07-25",26888,2,21888
"2022-07-03",370000,2,365000
"2022-07-13",131120,2,126120
"2022-07-27",53000,2,48000
"2022-07-09",169000,2,164000
"2022-07-26",270580,2,265580
"2022-07-10",156000,2,151000
"2022-07-25",62400,2,57400
"2022-07-15",51580,2,46580
"2022-07-29",267000,2,262000
"2022-07-01",104000,2,99000
"2022-07-14",178000,2,173000
"2022-07-23",205000,2,200000
"2022-07-02",69000,2,64000
"2022-07-01",14997000,1,14982000
"2022-07-04",1050,2,-3950
"2022-07-21",217500,2,212500
"2022-07-04",130000,2,125000
"2022-07-07",99000,2,94000
"2022-07-16",462000,2,457000
"2022-07-13",337500,2,332500
"2022-07-08",338000,2,333000
"2022-07-19",198000,2,193000
"2022-07-26",591700,2,586700
"2022-07-07",129500,2,124500
"2022-07-14",98750,2,93750
"2022-07-02",39000,2,34000
"2022-07-18",1437000,2,1432000
"2022-07-15",22900,2,17900
"2022-07-25",151500,2,146500
"2022-07-21",130000,2,125000
"2022-07-20",50520,2,45520
"2022-07-15",280000,2,275000
"2022-07-18",393360,2,388360
"2022-07-11",569700,2,564700
"2022-07-18",125000,2,120000
"2022-07-27",1575,2,-3425
"2022-07-02",338000,2,333000
"2022-07-23",150000,2,145000
"2022-07-14",73500,2,68500
"2022-07-10",64000,2,59000
"2022-07-06",157500,2,152500
"2022-07-12",35200,2,30200
"2022-07-18",128040,2,123040
"2022-07-14",399800,2,394800
"2022-07-12",471750,2,466750
"2022-07-10",208000,2,203000
"2022-07-24",99000,2,94000
"2022-07-28",1320000,2,1315000
"2022-07-23",69900,2,64900
"2022-07-07",296907,2,291907
"2022-07-22",150000,2,145000
"2022-07-17",86000,2,81000
"2022-07-11",135290,2,130290
"2022-07-17",178000,2,173000
"2022-07-15",112000,2,107000
"2022-07-05",159800,2,154800
"2022-07-22",66000,2,61000
"2022-07-11",157500,2,152500
"2022-07-26",110000,2,105000
"2022-07-07",75000,2,70000
"2022-07-30",2250000,2,2245000
"2022-07-29",478800,2,473800
"2022-07-03",1670,2,-3330
"2022-07-01",315000,1,300000
"2022-07-24",76800,2,71800
"2022-07-30",48450,2,43450
"2022-07-04",555000,2,550000
"2022-07-09",30999,2,25999
"2022-07-22",465000,2,460000
"2022-07-15",2920000,2,2915000
"2022-07-14",49800,2,44800
"2022-07-07",231750,2,226750
"2022-07-21",107728,2,102728
"2022-07-04",253935,2,248935
"2022-07-26",5491530,2,5486530
"2022-07-06",179997,2,174997
"2022-07-17",70000,2,65000
"2022-07-13",370000,2,365000
"2022-07-15",154500,2,149500
"2022-07-10",94500,2,89500
"2022-07-07",145360,2,140360
"2022-07-02",46400,2,41400
"2022-07-08",550000,2,545000
"2022-07-09",290982,2,285982
"2022-07-19",39800,2,34800
"2022-07-25",465000,2,460000
"2022-07-16",110000,2,105000
"2022-07-21",300000,2,295000
"2022-07-01",144000,2,139000
"2022-07-10",750000,2,745000
"2022-07-01",9998000,2,9993000
"2022-07-11",186000,2,181000
"2022-07-25",240000,2,235000
"2022-07-20",220000,2,215000
"2022-07-23",525,2,-4475
"2022-07-17",1350,2,-3650
"2022-07-01",231000,1,216000
"2022-07-24",1058000,2,1053000
"2022-07-09",56900,2,51900
"2022-07-27",192060,2,187060
"2022-07-14",506250,2,501250
"2022-07-28",197500,2,192500
"2022-07-15",680000,2,675000
"2022-07-29",162360,2,157360
"2022-07-18",74000,2,69000
"2022-07-05",164700,2,159700
"2022-07-25",63000,2,58000
"2022-07-25",285000,2,280000
"2022-07-11",110000,2,105000
"2022-07-22",159000,2,154000
"2022-07-13",101000,2,96000
"2022-07-11",387600,2,382600
"2022-07-23",435000,2,430000
"2022-07-07",198000,2,193000
"2022-07-01",387810,1,372810
"2022-07-12",300000,2,295000
"2022-07-25",48000,2,43000
"2022-07-06",4977000,2,4972000
"2022-07-26",1497000,2,1492000
"2022-07-14",3700,2,-1300
"2022-07-02",420000,2,415000
"2022-07-09",3980000,2,3975000
"2022-07-26",59900,2,54900
"2022-07-19",507000,2,502000
"2022-07-09",716000,2,711000
"2022-07-17",129900,2,124900
"2022-07-02",38000,2,33000
"2022-07-28",33000,2,28000
"2022-07-26",109000,2,104000
"2022-07-05",13135,2,8135
"2022-07-05",110000,2,105000
"2022-07-17",958000,2,953000
"2022-07-03",1245000,2,1240000
"2022-07-12",399998,2,394998
"2022-07-28",578700,2,573700
"2022-07-22",225000,2,220000
"2022-07-17",199900,2,194900
"2022-07-22",318000,2,313000
"2022-07-29",187960,2,182960
"2022-07-21",50000,2,45000
"2022-07-08",26000,2,21000
"2022-07-07",55365,2,50365
"2022-07-13",1350,2,-3650
"2022-07-06",237000,2,232000
"2022-07-15",62000,2,57000
"2022-07-12",239850,2,234850
"2022-07-13",48000,2,43000
"2022-07-28",48450,2,43450
"2022-07-19",37500,2,32500
"2022-07-25",22500,2,17500
"2022-07-24",54815,2,49815
"2022-07-02",199000,2,194000
"2022-07-11",227700,2,222700
"2022-07-25",84000,2,79000
"2022-07-15",60000,2,55000
"2022-07-24",275000,2,270000
"2022-07-27",260000,2,255000
"2022-07-22",24250,2,19250
"2022-07-28",320000,2,315000
"2022-07-20",156000,2,151000
"2022-07-24",51200,2,46200
"2022-07-28",1587000,2,1582000
"2022-07-08",300000,2,295000
"2022-07-29",397500,2,392500
"2022-07-24",165500,2,160500
"2022-07-26",54900,2,49900
"2022-07-29",3550000,2,3545000
"2022-07-11",39800,2,34800
"2022-07-22",59900,2,54900
"2022-07-07",650000,2,645000
"2022-07-12",1415000,2,1410000
"2022-07-13",65500,2,60500
"2022-07-23",4950060,2,4945060
"2022-07-29",85320,2,80320
"2022-07-12",128000,2,123000
"2022-07-17",615000,2,610000
"2022-07-12",159000,2,154000
"2022-07-23",187200,2,182200
"2022-07-26",830000,2,825000
"2022-07-17",125000,2,120000
"2022-07-11",337500,2,332500
"2022-07-18",195000,2,190000
"2022-07-26",253935,2,248935
"2022-07-21",31500,2,26500
"2022-07-13",139800,2,134800
"2022-07-01",1500000,2,1495000
"2022-07-12",27600,2,22600
"2022-07-23",599997,2,594997
"2022-07-26",22000,2,17000
"2022-07-03",62000,2,57000
"2022-07-30",195000,2,190000
"2022-07-16",100000,2,95000
"2022-07-22",12125,2,7125
"2022-07-19",24500,2,19500
"2022-07-28",92000,2,87000
"2022-07-15",650000,2,645000
"2022-07-23",85320,2,80320
"2022-07-09",91800,2,86800
"2022-07-26",155000,2,150000
"2022-07-12",175000,2,170000
"2022-07-24",236370,2,231370
"2022-07-14",20000,2,15000
"2022-07-21",150000,2,145000
"2022-07-13",2250000,2,2245000
"2022-07-13",57500,2,52500
"2022-07-04",159000,2,154000
"2022-07-01",145000,1,130000
"2022-07-21",124000,2,119000
"2022-07-16",239800,2,234800
"2022-07-02",187200,2,182200
"2022-07-28",255000,2,250000
"2022-07-17",495000,2,490000
"2022-07-12",70000,2,65000
"2022-07-06",478800,2,473800
"2022-07-26",76000,2,71000
"2022-07-04",375000,2,370000
"2022-07-26",510000,2,505000
"2022-07-20",185000,2,180000
"2022-07-06",279000,2,274000
"2022-07-19",299700,2,294700
"2022-07-21",85000,2,80000
"2022-07-19",149625,2,144625
"2022-07-09",290000,2,285000
"2022-07-30",712500,2,707500
"2022-07-27",125970,2,120970
"2022-07-28",80250,2,75250
"2022-07-11",256000,2,251000
"2022-07-30",239800,2,234800
"2022-07-18",19425,2,14425
"2022-07-23",555000,2,550000
"2022-07-14",345000,2,340000
"2022-07-23",359700,2,354700
"2022-07-19",597000,2,592000
"2022-07-22",2850000,2,2845000
"2022-07-18",36000,2,31000
"2022-07-20",459998,2,454998
"2022-07-28",300000,2,295000
"2022-07-01",1500000,1,1485000
"2022-07-21",6600,2,1600
"2022-07-20",478800,2,473800
"2022-07-21",121500,2,116500
"2022-07-25",825000,2,820000
"2022-07-06",128000,2,123000
"2022-07-24",130000,2,125000
"2022-07-08",420000,2,415000
"2022-07-05",185000,2,180000
"2022-07-15",240000,2,235000
"2022-07-30",529000,2,524000
"2022-07-21",93884,2,88884
"2022-07-16",12125,2,7125
"2022-07-18",200700,2,195700
"2022-07-03",37990,2,32990
"2022-07-27",159800,2,154800
"2022-07-23",29900,2,24900
"2022-07-19",249800,2,244800
"2022-07-24",477000,2,472000
"2022-07-13",112000,2,107000
"2022-07-30",97500,2,92500
"2022-07-23",139000,2,134000
"2022-07-22",129270,2,124270
"2022-07-10",780000,2,775000
"2022-07-19",84750,2,79750
"2022-07-26",35000,2,30000
"2022-07-08",6600,2,1600
"2022-07-19",52000,2,47000
"2022-07-22",218040,2,213040
"2022-07-27",98969,2,93969
"2022-07-25",159000,2,154000
"2022-07-03",435000,2,430000
"2022-07-20",270580,2,265580
"2022-07-15",657000,2,652000
"2022-07-23",378000,2,373000
"2022-07-09",296907,2,291907
"2022-07-01",110000,2,105000
"2022-07-25",166500,2,161500
"2022-07-30",19500,2,14500
"2022-07-16",69000,2,64000
"2022-07-17",310000,2,305000
"2022-07-22",59999,2,54999
"2022-07-06",86000,2,81000
"2022-07-21",5070,2,70
"2022-07-09",599997,2,594997
"2022-07-05",2097000,2,2092000
"2022-07-20",53500,2,48500
"2022-07-24",60000,2,55000
"2022-07-29",269425,2,264425
"2022-07-16",198000,2,193000
"2022-07-18",31000,2,26000
"2022-07-25",18400,2,13400
"2022-07-13",478800,2,473800
"2022-07-15",192000,2,187000
"2022-07-08",405000,2,400000
"2022-07-03",228000,2,223000
"2022-07-14",43000,2,38000
"2022-07-09",5970000,2,5965000
"2022-07-06",65172,2,60172
"2022-07-08",780000,2,775000
"2022-07-04",387600,2,382600
"2022-07-08",49000,2,44000
"2022-07-24",231000,2,226000
"2022-07-03",490000,2,485000
"2022-07-05",435998,2,430998
"2022-07-19",76000,2,71000
"2022-07-14",3380,2,-1620
"2022-07-03",699000,2,694000
"2022-07-18",64150,2,59150
"2022-07-23",1200000,2,1195000
"2022-07-26",135140,2,130140
"2022-07-09",472500,2,467500
"2022-07-23",112000,2,107000
"2022-07-11",292500,2,287500
"2022-07-19",278000,2,273000
"2022-07-12",84150,2,79150
"2022-07-06",109000,2,104000
"2022-07-28",192060,2,187060
"2022-07-30",42000,2,37000
"2022-07-17",51000,2,46000
"2022-07-30",170000,2,165000
"2022-07-22",1659000,2,1654000
"2022-07-15",218040,2,213040
"2022-07-03",374700,2,369700
"2022-07-23",169000,2,164000
"2022-07-26",64000,2,59000
"2022-07-17",99150,2,94150
"2022-07-10",8550000,2,8545000
"2022-07-11",137776,2,132776
"2022-07-08",400000,2,395000
"2022-07-18",581400,2,576400
"2022-07-10",30600,2,25600
"2022-07-06",224850,2,219850
"2022-07-24",507000,2,502000
"2022-07-06",220000,2,215000
"2022-07-24",348750,2,343750
"2022-07-10",119700,2,114700
"2022-07-07",135290,2,130290
"2022-07-27",177000,2,172000
"2022-07-30",165000,2,160000
"2022-07-20",151500,2,146500
"2022-08-05",2700,2,-2300
"2022-08-05",151800,2,146800
"2022-08-14",14800,2,9800
"2022-08-16",525000,2,520000
"2022-08-09",37900,2,32900
"2022-08-10",7140,2,2140
"2022-08-06",36800,2,31800
"2022-08-11",24250,2,19250
"2022-08-13",1400,2,-3600
"2022-08-17",348750,8,338750
"2022-08-06",375000,2,370000
"2022-08-24",128000,2,123000
"2022-08-05",267000,2,262000
"2022-08-20",480000,2,475000
"2022-08-23",310500,2,305500
"2022-08-19",187200,2,182200
"2022-08-03",75000,2,70000
"2022-08-20",170000,2,165000
"2022-08-17",1320000,8,1310000
"2022-08-16",4950060,2,4945060
"2022-08-27",259800,2,254800
"2022-08-04",17900,2,12900
"2022-08-17",32000,2,27000
"2022-08-06",166650,2,161650
"2022-08-06",689997,2,684997
"2022-08-12",297000,2,292000
"2022-08-29",1058000,2,1053000
"2022-08-27",3550000,2,3545000
"2022-08-10",387600,2,382600
"2022-08-04",56900,2,51900
"2022-08-06",49500,2,44500
"2022-08-11",295850,2,290850
"2022-08-28",24796,2,19796
"2022-08-23",112000,2,107000
"2022-08-08",297040,2,292040
"2022-08-31",639800,2,634800
"2022-08-15",161999,2,156999
"2022-08-12",137700,2,132700
"2022-08-13",358000,2,353000
"2022-08-13",69642,2,64642
"2022-08-02",30000,2,25000
"2022-08-16",46942,2,41942
"2022-08-03",188000,2,183000
"2022-08-16",64150,2,59150
"2022-08-01",800000,2,795000
"2022-08-07",62000,2,57000
"2022-08-27",33343,2,28343
"2022-08-10",110000,2,105000
"2022-08-28",74000,2,69000
"2022-08-13",115000,2,110000
"2022-08-04",155000,2,150000
"2022-08-12",112000,2,107000
"2022-08-26",1440000,2,1435000
"2022-08-17",75780,8,65780
"2022-08-03",345000,2,340000
"2022-08-30",405870,2,400870
"2022-08-05",2694000,2,2689000
"2022-08-08",1437000,2,1432000
"2022-08-21",14800,2,9800
"2022-08-20",165000,2,160000
"2022-08-01",275000,1,260000
"2022-08-01",415500,1,400500
"2022-08-01",359700,2,354700
"2022-08-22",1470000,2,1465000
"2022-08-25",75000,2,70000
"2022-08-12",217500,2,212500
"2022-08-27",149650,2,144650
"2022-08-11",125000,2,120000
"2022-08-05",115999,2,110999
"2022-08-07",337500,2,332500
"2022-08-28",195000,2,190000
"2022-08-23",375000,2,370000
"2022-08-20",45800,2,40800
"2022-08-15",79800,2,74800
"2022-08-27",27600,2,22600
"2022-08-01",485997,2,480997
"2022-08-14",75000,2,70000
"2022-08-25",129800,2,124800
"2022-08-23",300000,2,295000
"2022-08-13",84750,2,79750
"2022-08-12",100000,2,95000
"2022-08-30",159900,2,154900
"2022-08-31",20000,2,15000
"2022-08-04",130000,2,125000
"2022-08-17",660000,2,655000
"2022-08-30",311700,2,306700
"2022-08-14",290982,2,285982
"2022-08-29",459998,2,454998
"2022-08-20",117000,2,112000
"2022-08-21",125970,2,120970
"2022-08-22",179700,2,174700
"2022-08-28",131746,2,126746
"2022-08-31",72500,2,67500
"2022-08-23",36375,2,31375
"2022-08-29",415000,2,410000
"2022-08-17",130000,2,125000
"2022-08-11",712500,2,707500
"2022-08-15",156000,2,151000
"2022-08-29",24796,2,19796
"2022-08-26",43448,2,38448
"2022-08-06",140000,2,135000
"2022-08-01",138500,2,133500
"2022-08-27",379800,2,374800
"2022-08-16",148725,2,143725
"2022-08-27",94500,2,89500
"2022-08-22",1650020,2,1645020
"2022-08-16",99000,2,94000
"2022-08-02",158100,2,153100
"2022-08-04",17160,2,12160
"2022-08-21",65172,2,60172
"2022-08-11",145000,2,140000
"2022-08-27",239800,2,234800
"2022-08-31",51000,2,46000
"2022-08-31",1364250,2,1359250
"2022-08-08",110000,2,105000
"2022-08-03",65000,2,60000
"2022-08-19",53000,2,48000
"2022-08-24",398000,2,393000
"2022-08-12",119998,2,114998
"2022-08-09",480000,2,475000
"2022-08-19",269000,2,264000
"2022-08-26",207800,2,202800
"2022-08-10",21000,2,16000
"2022-08-11",11250,2,6250
"2022-08-03",34000,2,29000
"2022-08-19",69900,2,64900
"2022-08-14",110000,2,105000
"2022-08-24",225000,2,220000
"2022-08-29",150000,2,145000
"2022-08-21",80000,2,75000
"2022-08-28",480000,2,475000
"2022-08-18",141000,2,136000
"2022-08-06",780000,2,775000
"2022-08-10",299800,2,294800
"2022-08-20",338000,2,333000
"2022-08-03",96000,2,91000
"2022-08-14",144000,2,139000
"2022-08-31",260000,2,255000
"2022-08-03",81180,2,76180
"2022-08-26",30000,2,25000
"2022-08-21",20000,2,15000
"2022-08-02",75000,2,70000
"2022-08-06",5070,2,70
"2022-08-02",297000,2,292000
"2022-08-16",6600,2,1600
"2022-08-19",89800,2,84800
"2022-08-29",234000,2,229000
"2022-08-11",84750,2,79750
"2022-08-26",78002,2,73002
"2022-08-23",109800,2,104800
"2022-08-19",177000,2,172000
"2022-08-29",141000,2,136000
"2022-08-19",240000,2,235000
"2022-08-08",880000,2,875000
"2022-08-26",55774,2,50774
"2022-08-16",229000,2,224000
"2022-08-19",49400,2,44400
"2022-08-18",159000,2,154000
"2022-08-02",120250,2,115250
"2022-08-30",390000,2,385000
"2022-08-12",112000,2,107000
"2022-08-05",30000,2,25000
"2022-08-30",445560,2,440560
"2022-08-28",397500,2,392500
"2022-08-17",300000,2,295000
"2022-08-21",192000,2,187000
"2022-08-12",90000,2,85000
"2022-08-06",116000,2,111000
"2022-08-26",338000,2,333000
"2022-08-21",54000,2,49000
"2022-08-19",160000,2,155000
"2022-08-17",156000,8,146000
"2022-08-20",1300000,2,1295000
"2022-08-08",217500,2,212500
"2022-08-16",43000,2,38000
"2022-08-21",48000,2,43000
"2022-08-07",1659000,2,1654000
"2022-08-26",98800,2,93800
"2022-08-05",89700,2,84700
"2022-08-20",237000,2,232000
"2022-08-07",300000,2,295000
"2022-08-17",25000,2,20000
"2022-08-04",36000,2,31000
"2022-08-20",122052,2,117052
"2022-08-01",55000,2,50000
"2022-08-28",599700,2,594700
"2022-08-12",390000,2,385000
"2022-08-06",262240,2,257240
"2022-08-19",149000,2,144000
"2022-08-10",29600,2,24600
"2022-08-31",26888,2,21888
"2022-08-04",129000,2,124000
"2022-08-03",75000,2,70000
"2022-08-19",197619,2,192619
"2022-08-21",64020,2,59020
"2022-08-18",172500,2,167500
"2022-08-17",17900,8,7900
"2022-08-20",189900,2,184900
"2022-08-29",52000,2,47000
"2022-08-27",292500,2,287500
"2022-08-07",76000,2,71000
"2022-08-05",46000,2,41000
"2022-08-18",39800,2,34800
"2022-08-13",197619,2,192619
"2022-08-30",158000,2,153000
"2022-08-28",187960,2,182960
"2022-08-06",3318000,2,3313000
"2022-08-15",297000,2,292000
"2022-08-12",12125,2,7125
"2022-08-03",108000,2,103000
"2022-08-27",218000,2,213000
"2022-08-13",90000,2,85000
"2022-08-05",161592,2,156592
"2022-08-06",73000,2,68000
"2022-08-17",4347000,2,4342000
"2022-08-27",480000,2,475000
"2022-08-23",60000,2,55000
"2022-08-17",318000,8,308000
"2022-08-14",296250,2,291250
"2022-08-07",384000,2,379000
"2022-08-31",379800,2,374800
"2022-08-19",338000,2,333000
"2022-08-10",275000,2,270000
"2022-08-07",69900,2,64900
"2022-08-29",129900,2,124900
"2022-08-29",151998,2,146998
"2022-08-18",231750,2,226750
"2022-08-28",93884,2,88884
"2022-08-20",899900,2,894900
"2022-08-24",113800,2,108800
"2022-08-13",89000,2,84000
"2022-08-14",375000,2,370000
"2022-08-30",50000,2,45000
"2022-08-25",650000,2,645000
"2022-08-06",520000,2,515000
"2022-08-03",169500,2,164500
"2022-08-07",168000,2,163000
"2022-08-12",442260,2,437260
"2022-08-12",99000,2,94000
"2022-08-10",359700,2,354700
"2022-08-10",447000,2,442000
"2022-08-31",151998,2,146998
"2022-08-07",9200,2,4200
"2022-08-09",250200,2,245200
"2022-08-18",108750,2,103750
"2022-08-20",462000,2,457000
"2022-08-13",4977000,2,4972000
"2022-08-20",137700,2,132700
"2022-08-16",50000,2,45000
"2022-08-13",712500,2,707500
"2022-08-21",278000,2,273000
"2022-08-03",130000,2,125000
"2022-08-22",80250,2,75250
"2022-08-20",475000,2,470000
"2022-08-19",159000,2,154000
"2022-08-17",116000,2,111000
"2022-08-30",555000,2,550000
"2022-08-12",338000,2,333000
"2022-08-11",195000,2,190000
"2022-08-17",97920,2,92920
"2022-08-01",26000,1,11000
"2022-08-03",169000,2,164000
"2022-08-02",1300000,2,1295000
"2022-08-28",40684,2,35684
"2022-08-03",17500,2,12500
"2022-08-04",693000,2,688000
"2022-08-31",14997000,2,14992000
"2022-08-22",197500,2,192500
"2022-08-08",222000,2,217000
"2022-08-13",390000,2,385000
"2022-08-12",168750,2,163750
"2022-08-11",127980,2,122980
"2022-08-16",376000,2,371000
"2022-08-27",225000,2,220000
"2022-08-27",46400,2,41400
"2022-08-17",168000,2,163000
"2022-08-30",98969,2,93969
"2022-08-08",1400,2,-3600
"2022-08-05",59900,2,54900
"2022-08-27",53000,2,48000
"2022-08-18",48960,2,43960
"2022-08-15",168300,2,163300
"2022-08-13",130000,2,125000
"2022-08-22",689997,2,684997
"2022-08-07",9900,2,4900
"2022-08-23",2700,2,-2300
"2022-08-01",1587000,2,1582000
"2022-08-03",59700,2,54700
"2022-08-24",1670,2,-3330
"2022-08-15",687000,2,682000
"2022-08-17",450000,2,445000
"2022-08-18",899997,2,894997
"2022-08-22",295500,2,290500
"2022-08-23",78999,2,73999
"2022-08-13",150000,2,145000
"2022-08-02",300000,2,295000
"2022-08-18",250000,2,245000
"2022-08-20",7100000,2,7095000
"2022-08-30",59900,2,54900
"2022-08-19",450000,2,445000
"2022-08-06",374700,2,369700
"2022-08-23",111100,2,106100
"2022-08-03",250000,2,245000
"2022-08-14",51480,2,46480
"2022-08-22",77370,2,72370
"2022-08-06",375000,2,370000
"2022-08-04",72680,2,67680
"2022-08-05",125100,2,120100
"2022-08-01",7140,1,-7860
"2022-08-13",338850,2,333850
"2022-08-19",1400,2,-3600
"2022-08-10",478800,2,473800
"2022-08-04",179800,2,174800
"2022-08-30",830000,2,825000
"2022-08-14",48450,2,43450
"2022-08-11",291000,2,286000
"2022-08-13",259000,2,254000
"2022-08-21",4050,2,-950
"2022-08-15",20000,2,15000
"2022-08-21",81368,2,76368
"2022-08-16",125000,2,120000
"2022-08-06",77370,2,72370
"2022-08-13",154440,2,149440
"2022-08-13",480000,2,475000
"2022-08-17",1099900,2,1094900
"2022-08-04",281940,2,276940
"2022-08-27",166500,2,161500
"2022-08-19",9200,2,4200
"2022-08-28",48500,2,43500
"2022-08-30",21500,2,16500
"2022-08-19",472500,2,467500
"2022-08-31",398000,2,393000
"2022-08-02",81368,2,76368
"2022-08-02",4874,2,-126
"2022-08-10",50000,2,45000
"2022-08-25",1200000,2,1195000
"2022-08-21",299999,2,294999
"2022-08-20",123200,2,118200
"2022-08-25",125000,2,120000
"2022-08-03",538850,2,533850
"2022-08-29",64000,2,59000
"2022-08-04",187200,2,182200
"2022-08-23",192060,2,187060
"2022-08-26",378000,2,373000
"2022-08-28",567000,2,562000
"2022-08-20",43000,2,38000
"2022-08-07",318000,2,313000
"2022-08-30",170000,2,165000
"2022-08-19",615000,2,610000
"2022-08-12",55000,2,50000
"2022-08-22",80664,2,75664
"2022-08-27",155000,2,150000
"2022-08-30",60000,2,55000
"2022-08-21",51000,2,46000
"2022-08-09",39405,2,34405
"2022-08-01",189900,1,174900
"2022-08-12",487500,2,482500
"2022-08-07",152000,2,147000
"2022-08-22",499000,2,494000
"2022-08-01",477000,2,472000
"2022-08-07",399998,2,394998
"2022-08-08",899900,2,894900
"2022-08-06",166500,2,161500
"2022-08-19",478800,2,473800
"2022-08-30",168750,2,163750
"2022-08-24",340100,2,335100
"2022-08-09",960000,2,955000
"2022-08-14",179800,2,174800
"2022-08-14",48960,2,43960
"2022-08-27",110997,2,105997
"2022-08-16",93300,2,88300
"2022-08-25",5970000,2,5965000
"2022-08-13",299999,2,294999
"2022-08-30",330000,2,325000
"2022-08-05",510000,2,505000
"2022-08-29",113800,2,108800
"2022-08-15",60000,2,55000
"2022-08-25",166500,2,161500
"2022-08-15",162360,2,157360
"2022-08-28",550000,2,545000
"2022-08-17",375000,2,370000
"2022-08-07",61998,2,56998
"2022-08-17",170000,8,160000
"2022-08-02",219000,2,214000
"2022-08-02",165000,2,160000
"2022-08-08",506250,2,501250
"2022-08-22",270200,2,265200
"2022-08-25",18400,2,13400
"2022-08-17",119600,2,114600
"2022-08-15",300000,2,295000
"2022-08-29",131400,2,126400
"2022-08-01",267000,2,262000
"2022-08-16",1400,2,-3600
"2022-08-06",465000,2,460000
"2022-08-01",149600,1,134600
"2022-08-25",44000,2,39000
"2022-08-11",149900,2,144900
"2022-08-01",119900,2,114900
"2022-08-05",4760,2,-240
"2022-08-13",50000,2,45000
"2022-08-15",52000,2,47000
"2022-08-08",390000,2,385000
"2022-08-19",200000,2,195000
"2022-08-07",65000,2,60000
"2022-08-27",24225,2,19225
"2022-08-05",192000,2,187000
"2022-08-31",291000,2,286000
"2022-08-31",525,2,-4475
"2022-08-25",1350,2,-3650
"2022-08-11",1670,2,-3330
"2022-08-04",116000,2,111000
"2022-08-31",70800,2,65800
"2022-08-09",155046,2,150046
"2022-08-24",154500,2,149500
"2022-08-28",358000,2,353000
"2022-08-23",139800,2,134800
"2022-08-10",39001,2,34001
"2022-08-15",7100000,2,7095000
"2022-08-03",19000,2,14000
"2022-08-16",199000,2,194000
"2022-08-26",38850,2,33850
"2022-08-25",234000,2,229000
"2022-08-22",78000,2,73000
"2022-08-27",179700,2,174700
"2022-08-30",2050000,2,2045000
"2022-08-29",297000,2,292000
"2022-08-04",376000,2,371000
"2022-08-03",208500,2,203500
"2022-08-22",148000,2,143000
"2022-08-23",75000,2,70000
"2022-08-07",81368,2,76368
"2022-08-30",79000,2,74000
"2022-08-01",333000,1,318000
"2022-08-26",144000,2,139000
"2022-08-15",124000,2,119000
"2022-08-17",83661,2,78661
"2022-08-18",75000,2,70000
"2022-08-18",195000,2,190000
"2022-08-30",7140,2,2140
"2022-08-01",390000,1,375000
"2022-08-27",148520,2,143520
"2022-08-16",30999,2,25999
"2022-08-04",385800,2,380800
"2022-08-29",578700,2,573700
"2022-08-24",438000,2,433000
"2022-08-08",356644,2,351644
"2022-08-20",31000,2,26000
"2022-08-12",37386,2,32386
"2022-08-06",71000,2,66000
"2022-08-04",252450,2,247450
"2022-08-29",75000,2,70000
"2022-08-31",57000,2,52000
"2022-08-29",597000,2,592000
"2022-08-08",34000,2,29000
"2022-08-21",92000,2,87000
"2022-08-01",47900,1,32900
"2022-08-07",29900,2,24900
"2022-08-09",104000,2,99000
"2022-08-10",72680,2,67680
"2022-08-17",398000,2,393000
"2022-08-20",30000,2,25000
"2022-08-08",318000,2,313000
"2022-08-06",77250,2,72250
"2022-08-30",93000,2,88000
"2022-08-02",17900,2,12900
"2022-08-23",122052,2,117052
"2022-08-28",171000,2,166000
"2022-08-25",159000,2,154000
"2022-08-21",168000,2,163000
"2022-08-31",131000,2,126000
"2022-08-15",84150,2,79150
"2022-08-17",599997,8,589997
"2022-08-26",70000,2,65000
"2022-08-25",3700,2,-1300
"2022-08-14",296250,2,291250
"2022-08-10",139800,2,134800
"2022-08-05",447000,2,442000
"2022-08-03",123200,2,118200
"2022-08-02",193800,2,188800
"2022-09-03",555000,2,550000
"2022-09-26",156000,2,151000
"2022-09-15",321000,2,316000
"2022-09-10",275000,2,270000
"2022-09-28",390000,2,385000
"2022-09-24",435000,2,430000
"2022-09-22",472500,2,467500
"2022-09-19",716000,2,711000
"2022-09-23",194700,2,189700
"2022-09-01",250000,2,245000
"2022-09-06",338850,2,333850
"2022-09-26",177000,2,172000
"2022-09-11",1074000,2,1069000
"2022-09-27",185000,2,180000
"2022-09-21",88000,2,83000
"2022-09-05",170000,2,165000
"2022-09-30",225900,2,220900
"2022-09-12",218000,2,213000
"2022-09-27",50000,2,45000
"2022-09-04",220000,2,215000
"2022-09-12",249000,2,244000
"2022-09-04",581400,2,576400
"2022-09-16",281940,2,276940
"2022-09-30",90000,2,85000
"2022-09-25",51480,2,46480
"2022-09-17",260000,2,255000
"2022-09-28",538000,2,533000
"2022-09-01",59280,2,54280
"2022-09-07",193800,2,188800
"2022-09-21",275000,2,270000
"2022-09-20",2199800,2,2194800
"2022-09-24",90000,2,85000
"2022-09-24",327000,2,322000
"2022-09-09",50000,2,45000
"2022-09-12",169000,2,164000
"2022-09-14",337500,2,332500
"2022-09-25",65500,2,60500
"2022-09-27",498000,2,493000
"2022-09-14",193800,2,188800
"2022-09-01",60500,1,45500
"2022-09-20",1437000,2,1432000
"2022-09-10",193800,2,188800
"2022-09-21",118000,2,113000
"2022-09-03",284000,2,279000
"2022-09-22",168999,2,163999
"2022-09-01",102000,2,97000
"2022-09-20",53864,2,48864
"2022-09-26",1020000,2,1015000
"2022-09-28",119800,2,114800
"2022-09-25",186000,2,181000
"2022-09-05",65700,2,60700
"2022-09-11",370000,2,365000
"2022-09-09",109000,2,104000
"2022-09-27",170000,2,165000
"2022-09-19",170050,2,165050
"2022-09-29",25000,2,20000
"2022-09-05",31400,2,26400
"2022-09-29",208500,2,203500
"2022-09-04",284000,2,279000
"2022-09-21",65000,2,60000
"2022-09-29",95000,2,90000
"2022-09-30",750000,2,745000
"2022-09-13",445560,2,440560
"2022-09-10",91800,2,86800
"2022-09-15",54561,2,49561
"2022-09-01",31500,1,16500
"2022-09-11",225900,2,220900
"2022-09-05",18187,2,13187
"2022-09-24",139800,2,134800
"2022-09-19",292500,2,287500
"2022-09-03",92997,2,87997
"2022-09-28",99000,2,94000
"2022-09-25",239800,2,234800
"2022-09-03",73500,2,68500
"2022-09-09",375300,2,370300
"2022-09-16",14800,2,9800
"2022-09-04",194000,2,189000
"2022-09-10",960000,2,955000
"2022-09-25",299999,2,294999
"2022-09-03",64500,2,59500
"2022-09-03",158000,2,153000
"2022-09-28",85000,2,80000
"2022-09-17",599997,2,594997
"2022-09-14",1950000,2,1945000
"2022-09-21",3661020,2,3656020
"2022-09-09",525,2,-4475
"2022-09-20",599997,2,594997
"2022-09-15",125970,2,120970
"2022-09-05",83661,2,78661
"2022-09-20",47000,2,42000
"2022-09-05",159000,2,154000
"2022-09-12",155046,2,150046
"2022-09-30",170700,2,165700
"2022-09-12",400000,2,395000
"2022-09-08",420000,2,415000
"2022-09-04",227700,2,222700
"2022-09-25",435000,2,430000
"2022-09-29",599997,2,594997
"2022-09-11",449000,2,444000
"2022-09-23",520000,2,515000
"2022-09-21",370000,2,365000
"2022-09-11",36375,2,31375
"2022-09-28",170000,2,165000
"2022-09-26",195000,2,190000
"2022-09-17",331000,2,326000
"2022-09-30",55000,2,50000
"2022-09-07",170000,2,165000
"2022-09-07",187200,2,182200
"2022-09-24",179700,2,174700
"2022-09-29",159000,2,154000
"2022-09-12",35500,2,30500
"2022-09-22",72680,2,67680
"2022-09-16",128000,2,123000
"2022-09-12",40500,2,35500
"2022-09-01",1650020,2,1645020
"2022-09-20",7500,2,2500
"2022-09-05",15700,2,10700
"2022-09-13",117003,2,112003
"2022-09-04",690000,2,685000
"2022-09-03",76800,2,71800
"2022-09-27",449000,2,444000
"2022-09-14",899900,2,894900
"2022-09-03",1950000,2,1945000
"2022-09-09",78999,2,73999
"2022-09-02",330000,2,325000
"2022-09-22",42000,2,37000
"2022-09-14",650000,2,645000
"2022-09-18",202710,2,197710
"2022-09-07",10000,2,5000
"2022-09-15",110000,2,105000
"2022-09-12",825000,2,820000
"2022-09-24",11990,2,6990
"2022-09-09",38000,2,33000
"2022-09-22",115000,2,110000
"2022-09-08",250000,2,245000
"2022-09-20",130000,2,125000
"2022-09-18",59999,2,54999
"2022-09-08",479000,2,474000
"2022-09-19",62400,2,57400
"2022-09-17",20000,2,15000
"2022-09-24",21500,2,16500
"2022-09-05",75800,2,70800
"2022-09-10",159900,2,154900
"2022-09-23",330000,2,325000
"2022-09-06",68888,2,63888
"2022-09-19",25000,2,20000
"2022-09-10",156000,2,151000
"2022-09-17",64000,2,59000
"2022-09-03",397500,2,392500
"2022-09-26",118000,2,113000
"2022-09-01",280000,1,265000
"2022-09-14",7100000,2,7095000
"2022-09-16",3030000,2,3025000
"2022-09-26",52000,2,47000
"2022-09-23",2694000,2,2689000
"2022-09-28",154500,2,149500
"2022-09-26",3750,2,-1250
"2022-09-02",39000,2,34000
"2022-09-08",113800,2,108800
"2022-09-01",165000,2,160000
"2022-09-13",485997,2,480997
"2022-09-20",29900,2,24900
"2022-09-29",186000,2,181000
"2022-09-03",83980,2,78980
"2022-09-14",47900,2,42900
"2022-09-12",2850000,2,2845000
"2022-09-04",236997,2,231997
"2022-09-25",115999,2,110999
"2022-09-02",567000,2,562000
"2022-09-20",337500,2,332500
"2022-09-02",9748,2,4748
"2022-09-01",567000,1,552000
"2022-09-06",93300,2,88300
"2022-09-02",32000,2,27000
"2022-09-11",50000,2,45000
"2022-09-10",227997,2,222997
"2022-09-18",300000,2,295000
"2022-09-20",192060,2,187060
"2022-09-12",109800,2,104800
"2022-09-16",157998,2,152998
"2022-09-14",24250,2,19250
"2022-09-17",41990,2,36990
"2022-09-03",35970,2,30970
"2022-09-28",138500,2,133500
"2022-09-16",569700,2,564700
"2022-09-10",180000,2,175000
"2022-09-26",46942,2,41942
"2022-09-03",89000,2,84000
"2022-09-11",98750,2,93750
"2022-09-30",73000,2,68000
"2022-09-11",110000,2,105000
"2022-09-13",243540,2,238540
"2022-09-26",123000,2,118000
"2022-09-24",78000,2,73000
"2022-09-16",148000,2,143000
"2022-09-23",145000,2,140000
"2022-09-13",48450,2,43450
"2022-09-10",70000,2,65000
"2022-09-07",520000,2,515000
"2022-09-01",121500,1,106500
"2022-09-11",138000,2,133000
"2022-09-28",110000,2,105000
"2022-09-06",690000,2,685000
"2022-09-09",14800,2,9800
"2022-09-08",1347000,2,1342000
"2022-09-17",538000,2,533000
"2022-09-23",133800,2,128800
"2022-09-03",450000,2,445000
"2022-09-01",254070,2,249070
"2022-09-28",64150,2,59150
"2022-09-06",138000,2,133000
"2022-09-23",716000,2,711000
"2022-09-26",1799800,2,1794800
"2022-09-23",130000,2,125000
"2022-09-24",1659000,2,1654000
"2022-09-03",55774,2,50774
"2022-09-01",250000,1,235000
"2022-09-21",23980,2,18980
"2022-09-05",25790,2,20790
"2022-09-12",657000,2,652000
"2022-09-25",113800,2,108800
"2022-09-14",477000,2,472000
"2022-09-23",180000,2,175000
"2022-09-14",59000,2,54000
"2022-09-10",104000,2,99000
"2022-09-10",654000,2,649000
"2022-09-19",143700,2,138700
"2022-09-17",370000,2,365000
"2022-09-15",187200,2,182200
"2022-09-23",117000,2,112000
"2022-09-27",72000,2,67000
"2022-09-27",42660,2,37660
"2022-09-11",212400,2,207400
"2022-09-16",61500,2,56500
"2022-09-10",52000,2,47000
"2022-09-01",35970,1,20970
"2022-09-20",125000,2,120000
"2022-09-08",99750,2,94750
"2022-09-11",90000,2,85000
"2022-09-21",22900,2,17900
"2022-09-04",20000,2,15000
"2022-09-07",140000,2,135000
"2022-09-01",9998000,1,9983000
"2022-09-16",510150,2,505150
"2022-09-23",319200,2,314200
"2022-09-28",250000,2,245000
"2022-09-16",300000,2,295000
"2022-09-29",145000,2,140000
"2022-09-08",85000,2,80000
"2022-09-14",44000,2,39000
"2022-09-11",231750,2,226750
"2022-09-20",76500,2,71500
"2022-09-02",99000,2,94000
"2022-09-10",3700,2,-1300
"2022-09-09",68000,2,63000
"2022-09-14",192000,2,187000
"2022-09-09",207000,2,202000
"2022-09-09",100000,2,95000
"2022-09-22",229000,2,224000
"2022-09-27",2700,2,-2300
"2022-09-23",387600,2,382600
"2022-09-27",236370,2,231370
"2022-09-28",319200,2,314200
"2022-09-19",130000,2,125000
"2022-09-13",1799800,2,1794800
"2022-09-02",41990,2,36990
"2022-09-12",26000,2,21000
"2022-09-04",390000,2,385000
"2022-09-07",217500,2,212500
"2022-09-10",77250,2,72250
"2022-09-01",72680,2,67680
"2022-09-14",120000,2,115000
"2022-09-14",243540,2,238540
"2022-09-05",115999,2,110999
"2022-09-01",150000,2,145000
"2022-09-29",120000,2,115000
"2022-09-11",4760,2,-240
"2022-09-22",338000,2,333000
"2022-09-20",411000,2,406000
"2022-09-08",110925,2,105925
"2022-09-16",80000,2,75000
"2022-09-17",8580,2,3580
"2022-09-17",91000,2,86000
"2022-09-06",475000,2,470000
"2022-09-23",141000,2,136000
"2022-09-30",197100,2,192100
"2022-09-08",236997,2,231997
"2022-09-26",510000,2,505000
"2022-09-18",110000,2,105000
"2022-09-01",151500,1,136500
"2022-09-17",152000,2,147000
"2022-09-28",130000,2,125000
"2022-09-26",45000,2,40000
"2022-09-08",330000,2,325000
"2022-09-22",68700,2,63700
"2022-09-27",231000,2,226000
"2022-09-23",62400,2,57400
"2022-09-20",52000,2,47000
"2022-09-24",64000,2,59000
"2022-09-13",830000,2,825000
"2022-09-02",164445,2,159445
"2022-09-04",69000,2,64000
"2022-09-04",70000,2,65000
"2022-09-18",3340,2,-1660
"2022-09-22",130000,2,125000
"2022-09-01",270000,1,255000
"2022-09-13",254070,2,249070
"2022-09-19",55000,2,50000
"2022-09-17",507000,2,502000
"2022-09-02",150000,2,145000
"2022-09-12",119700,2,114700
"2022-09-23",99000,2,94000
"2022-09-15",49875,2,44875
"2022-09-10",60000,2,55000
"2022-09-29",22900,2,17900
"2022-09-27",129000,2,124000
"2022-09-21",442260,2,437260
"2022-09-03",170000,2,165000
"2022-09-20",320000,2,315000
"2022-09-11",198000,2,193000
"2022-09-01",164445,2,159445
"2022-09-28",61500,2,56500
"2022-09-21",47888,2,42888
"2022-09-06",72750,2,67750
"2022-09-17",38000,2,33000
"2022-09-16",50000,2,45000
"2022-09-26",152000,2,147000
"2022-09-16",214000,2,209000
"2022-09-18",650000,2,645000
"2022-09-26",360000,2,355000
"2022-09-14",260000,2,255000
"2022-09-01",155000,1,140000
"2022-09-16",739500,2,734500
"2022-09-15",558000,2,553000
"2022-09-28",25740,2,20740
"2022-09-22",199999,2,194999
"2022-09-25",31000,2,26000
"2022-09-29",119800,2,114800
"2022-09-15",555000,2,550000
"2022-09-01",21500,1,6500
"2022-09-30",290000,2,285000
"2022-09-13",7500,2,2500
"2022-09-13",249800,2,244800
"2022-09-27",1850,2,-3150
"2022-09-29",219000,2,214000
"2022-09-04",360000,2,355000
"2022-09-07",440000,2,435000
"2022-09-23",690000,2,685000
"2022-09-22",67570,2,62570
"2022-09-28",1364250,2,1359250
"2022-09-05",279000,2,274000
"2022-09-12",164445,2,159445
"2022-09-02",1575,2,-3425
"2022-09-02",569700,2,564700
"2022-09-08",64000,2,59000
"2022-09-09",135140,2,130140
"2022-09-06",75000,2,70000
"2022-09-01",143700,1,128700
"2022-09-07",899997,2,894997
"2022-09-15",835500,2,830500
"2022-09-13",899997,2,894997
"2022-09-01",599998,1,584998
"2022-09-21",124800,2,119800
"2022-09-17",311700,2,306700
"2022-09-23",196500,2,191500
"2022-09-11",507000,2,502000
"2022-09-17",825000,2,820000
"2022-09-12",269000,2,264000
"2022-09-28",27000,2,22000
"2022-09-21",22900,2,17900
"2022-09-20",390000,2,385000
"2022-09-26",260000,2,255000
"2022-09-28",36800,2,31800
"2022-09-07",62200,2,57200
"2022-09-30",63000,2,58000
"2022-09-02",2800,2,-2200
"2022-09-03",555000,2,550000
"2022-09-10",94500,2,89500
"2022-09-06",158000,2,153000
"2022-09-10",8550000,2,8545000
"2022-09-01",155000,2,150000
"2022-09-20",2878000,2,2873000
"2022-09-28",478800,2,473800
"2022-09-06",109630,2,104630
"2022-09-05",50000,2,45000
"2022-09-16",495000,2,490000
"2022-09-25",49800,2,44800
"2022-09-05",410000,2,405000
"2022-09-01",137000,2,132000
"2022-09-17",10650000,2,10645000
"2022-09-11",178000,2,173000
"2022-09-30",159000,2,154000
"2022-09-09",370000,2,365000
"2022-09-14",36800,2,31800
"2022-09-12",478800,2,473800
"2022-09-05",374700,2,369700
"2022-09-20",435998,2,430998
"2022-09-25",81180,2,76180
"2022-09-29",47000,2,42000
"2022-09-05",39800,2,34800
"2022-09-20",151998,2,146998
"2022-09-12",24500,2,19500
"2022-09-24",58275,2,53275
"2022-10-24",246500,2,241500
"2022-10-03",390000,2,385000
"2022-10-02",250000,2,245000
"2022-10-30",159000,2,154000
"2022-10-08",10000,2,5000
"2022-10-22",1398000,2,1393000
"2022-10-06",135140,2,130140
"2022-10-06",76000,2,71000
"2022-10-30",119900,2,114900
"2022-10-01",581400,1,566400
"2022-10-31",59280,2,54280
"2022-10-10",10000,3,2500
"2022-10-04",198000,2,193000
"2022-10-18",274000,2,269000
"2022-10-01",193988,1,178988
"2022-10-03",321000,2,316000
"2022-10-15",507000,2,502000
"2022-10-21",397500,2,392500
"2022-10-21",297000,2,292000
"2022-10-09",360750,2,355750
"2022-10-26",1575,2,-3425
"2022-10-27",127980,2,122980
"2022-10-04",125000,2,120000
"2022-10-29",239800,2,234800
"2022-10-27",17500,2,12500
"2022-10-06",650000,2,645000
"2022-10-03",26888,2,21888
"2022-10-11",64500,2,59500
"2022-10-25",534966,2,529966
"2022-10-28",125000,2,120000
"2022-10-11",128000,2,123000
"2022-10-25",520000,2,515000
"2022-10-26",179700,2,174700
"2022-10-18",3550000,2,3545000
"2022-10-16",2700,2,-2300
"2022-10-08",94000,2,89000
"2022-10-29",37990,2,32990
"2022-10-05",140000,2,135000
"2022-10-16",1950000,2,1945000
"2022-10-09",200000,2,195000
"2022-10-29",250000,2,245000
"2022-10-14",136500,2,131500
"2022-10-26",29900,2,24900
"2022-10-28",270200,2,265200
"2022-10-27",234000,2,229000
"2022-10-29",462000,2,457000
"2022-10-10",338000,3,330500
"2022-10-22",63000,2,58000
"2022-10-23",300000,2,295000
"2022-10-08",73998,2,68998
"2022-10-01",59280,2,54280
"2022-10-25",7500,2,2500
"2022-10-06",100029,2,95029
"2022-10-12",135000,2,130000
"2022-10-23",281940,2,276940
"2022-10-23",2025000,2,2020000
"2022-10-03",165000,2,160000
"2022-10-16",450000,2,445000
"2022-10-22",239850,2,234850
"2022-10-28",47000,2,42000
"2022-10-17",290000,2,285000
"2022-10-19",699000,2,694000
"2022-10-18",310500,2,305500
"2022-10-25",23214,2,18214
"2022-10-23",458000,2,453000
"2022-10-29",195000,2,190000
"2022-10-23",898000,2,893000
"2022-10-20",909500,2,904500
"2022-10-11",387000,2,382000
"2022-10-20",148200,2,143200
"2022-10-03",321000,2,316000
"2022-10-14",96000,2,91000
"2022-10-06",207800,2,202800
"2022-10-17",375000,2,370000
"2022-10-08",75000,2,70000
"2022-10-01",77370,1,62370
"2022-10-03",53000,2,48000
"2022-10-03",53000,2,48000
"2022-10-20",130000,2,125000
"2022-10-02",374700,2,369700
"2022-10-29",291000,2,286000
"2022-10-12",318000,2,313000
"2022-10-11",338000,2,333000
"2022-10-21",29600,2,24600
"2022-10-08",217999,2,212999
"2022-10-31",14800,2,9800
"2022-10-16",1320000,2,1315000
"2022-10-17",49000,2,44000
"2022-10-23",398000,2,393000
"2022-10-01",44400,2,39400
"2022-10-14",49500,2,44500
"2022-10-01",1300000,1,1285000
"2022-10-21",192000,2,187000
"2022-10-20",55774,2,50774
"2022-10-29",239700,2,234700
"2022-10-29",170000,2,165000
"2022-10-26",179700,2,174700
"2022-10-30",158100,2,153100
"2022-10-12",506250,2,501250
"2022-10-18",1950000,2,1945000
"2022-10-28",99750,2,94750
"2022-10-30",358000,2,353000
"2022-10-05",300000,2,295000
"2022-10-30",411000,2,406000
"2022-10-11",295500,2,290500
"2022-10-28",10650000,2,10645000
"2022-10-28",89700,2,84700
"2022-10-15",458000,2,453000
"2022-10-29",64500,2,59500
"2022-10-23",399998,2,394998
"2022-10-30",59000,2,54000
"2022-10-11",159000,2,154000
"2022-10-28",95776,2,90776
"2022-10-03",578700,2,573700
"2022-10-07",270200,2,265200
"2022-10-13",29600,2,24600
"2022-10-06",650000,2,645000
"2022-10-08",1950000,2,1945000
"2022-10-13",299300,2,294300
"2022-10-03",347997,2,342997
"2022-10-03",229000,2,224000
"2022-10-30",107000,2,102000
"2022-10-09",227700,2,222700
"2022-10-27",77250,2,72250
"2022-10-21",550000,2,545000
"2022-10-31",496500,2,491500
"2022-10-05",49500,2,44500
"2022-10-10",462000,3,454500
"2022-10-28",899997,2,894997
"2022-10-29",660000,2,655000
"2022-10-30",119800,2,114800
"2022-10-04",26000,2,21000
"2022-10-27",3980000,2,3975000
"2022-10-30",71000,2,66000
"2022-10-10",120000,3,112500
"2022-10-13",218000,2,213000
"2022-10-27",55000,2,50000
"2022-10-22",356644,2,351644
"2022-10-08",495000,2,490000
"2022-10-15",10000,2,5000
"2022-10-04",50520,2,45520
"2022-10-08",70500,2,65500
"2022-10-09",321000,2,316000
"2022-10-19",265000,2,260000
"2022-10-19",72680,2,67680
"2022-10-11",207800,2,202800
"2022-10-12",9748,2,4748
"2022-10-02",4050,2,-950
"2022-10-27",197500,2,192500
"2022-10-27",260000,2,255000
"2022-10-05",72675,2,67675
"2022-10-25",450000,2,445000
"2022-10-27",172500,2,167500
"2022-10-02",195000,2,190000
"2022-10-24",36375,2,31375
"2022-10-06",99750,2,94750
"2022-10-19",110000,2,105000
"2022-10-06",88000,2,83000
"2022-10-16",465000,2,460000
"2022-10-03",178322,2,173322
"2022-10-20",1470000,2,1465000
"2022-10-17",105000,2,100000
"2022-10-30",315000,2,310000
"2022-10-04",138000,2,133000
"2022-10-02",198000,2,193000
"2022-10-20",398000,2,393000
"2022-10-16",249800,2,244800
"2022-10-16",217999,2,212999
"2022-10-29",718200,2,713200
"2022-10-26",110000,2,105000
"2022-10-05",330000,2,325000
"2022-10-30",31100,2,26100
"2022-10-29",236997,2,231997
"2022-10-24",193500,2,188500
"2022-10-09",35000,2,30000
"2022-10-11",3661020,2,3656020
"2022-10-02",104000,2,99000
"2022-10-21",35970,2,30970
"2022-10-11",399998,2,394998
"2022-10-09",197619,2,192619
"2022-10-07",72500,2,67500
"2022-10-16",60500,2,55500
"2022-10-12",95000,2,90000
"2022-10-23",320000,2,315000
"2022-10-22",54900,2,49900
"2022-10-12",39000,2,34000
"2022-10-09",20000,2,15000
"2022-10-02",125000,2,120000
"2022-10-13",410000,2,405000
"2022-10-13",170000,2,165000
"2022-10-05",218000,2,213000
"2022-10-13",205000,2,200000
"2022-10-28",125000,2,120000
"2022-10-22",44000,2,39000
"2022-10-31",27000,2,22000
"2022-10-28",499000,2,494000
"2022-10-25",550000,2,545000
"2022-10-07",375000,2,370000
"2022-10-22",56000,2,51000
"2022-10-15",37500,2,32500
"2022-10-28",61200,2,56200
"2022-10-03",555000,2,550000
"2022-10-01",111100,1,96100
"2022-10-29",76500,2,71500
"2022-10-25",887550,2,882550
"2022-10-03",1320000,2,1315000
"2022-10-28",106500,2,101500
"2022-10-13",199900,2,194900
"2022-10-09",70800,2,65800
"2022-10-15",1439000,2,1434000
"2022-10-25",5840000,2,5835000
"2022-10-07",3380,2,-1620
"2022-10-19",68888,2,63888
"2022-10-06",259000,2,254000
"2022-10-31",585000,2,580000
"2022-10-03",149650,2,144650
"2022-10-23",103900,2,98900
"2022-10-29",507000,2,502000
"2022-10-29",225900,2,220900
"2022-10-17",104000,2,99000
"2022-10-17",72680,2,67680
"2022-10-01",347997,1,332997
"2022-10-27",15700,2,10700
"2022-10-02",1690,2,-3310
"2022-10-12",379800,2,374800
"2022-10-23",254250,2,249250
"2022-10-24",898000,2,893000
"2022-10-13",10650000,2,10645000
"2022-10-05",459998,2,454998
"2022-10-28",1788000,2,1783000
"2022-10-26",39800,2,34800
"2022-10-08",202710,2,197710
"2022-10-25",198000,2,193000
"2022-10-18",104000,2,99000
"2022-10-20",150000,2,145000
"2022-10-03",75000,2,70000
"2022-10-25",215100,2,210100
"2022-10-12",49575,2,44575
"2022-10-03",164445,2,159445
"2022-10-11",80000,2,75000
"2022-10-20",26000,2,21000
"2022-10-27",157250,2,152250
"2022-10-25",53000,2,48000
"2022-10-11",599998,2,594998
"2022-10-20",65172,2,60172
"2022-10-22",472500,2,467500
"2022-10-28",17500,2,12500
"2022-10-12",55000,2,50000
"2022-10-03",5491530,2,5486530
"2022-10-17",208500,2,203500
"2022-10-08",250200,2,245200
"2022-10-25",119700,2,114700
"2022-10-14",80000,2,75000
"2022-10-25",193500,2,188500
"2022-10-14",330000,2,325000
"2022-10-29",21000,2,16000
"2022-10-11",44400,2,39400
"2022-10-16",447000,2,442000
"2022-10-21",93300,2,88300
"2022-10-01",159900,1,144900
"2022-10-23",217500,2,212500
"2022-10-08",960000,2,955000
"2022-10-26",115999,2,110999
"2022-10-08",119900,2,114900
"2022-10-06",229999,2,224999
"2022-10-21",62400,2,57400
"2022-10-08",72500,2,67500
"2022-10-14",550000,2,545000
"2022-10-30",1788000,2,1783000
"2022-10-06",1990000,2,1985000
"2022-10-24",165000,2,160000
"2022-10-22",46000,2,41000
"2022-10-09",101000,2,96000
"2022-10-06",1659000,2,1654000
"2022-10-30",270580,2,265580
"2022-10-07",240000,2,235000
"2022-10-21",10000,2,5000
"2022-10-31",165000,2,160000
"2022-10-26",80250,2,75250
"2022-10-10",79000,3,71500
"2022-10-17",2250000,2,2245000
"2022-10-20",1440000,2,1435000
"2022-10-14",185000,2,180000
"2022-10-16",387000,2,382000
"2022-10-10",72000,3,64500
"2022-10-29",78790,2,73790
"2022-10-02",750000,2,745000
"2022-10-02",85000,2,80000
"2022-10-31",218000,2,213000
"2022-10-12",358000,2,353000
"2022-10-04",64000,2,59000
"2022-10-11",137000,2,132000
"2022-10-20",3299700,2,3294700
"2022-10-15",415000,2,410000
"2022-10-28",230000,2,225000
"2022-10-27",360000,2,355000
"2022-10-13",780000,2,775000
"2022-10-05",219000,2,214000
"2022-10-21",319200,2,314200
"2022-10-18",109000,2,104000
"2022-10-20",379800,2,374800
"2022-10-17",134700,2,129700
"2022-10-20",496500,2,491500
"2022-10-12",109630,2,104630
"2022-10-02",338000,2,333000
"2022-10-21",569700,2,564700
"2022-10-13",148725,2,143725
"2022-10-27",423000,2,418000
"2022-10-02",278000,2,273000
"2022-10-09",280000,2,275000
"2022-10-24",506997,2,501997
"2022-10-03",206664,2,201664
"2022-10-04",315000,2,310000
"2022-10-02",39000,2,34000
"2022-10-05",105000,2,100000
"2022-10-08",239700,2,234700
"2022-10-07",157580,2,152580
"2022-10-23",105400,2,100400
"2022-10-20",155000,2,150000
"2022-10-28",115000,2,110000
"2022-10-25",131746,2,126746
"2022-10-04",128040,2,123040
"2022-10-15",278000,2,273000
"2022-10-08",3340,2,-1660
"2022-10-09",109800,2,104800
"2022-10-16",131000,2,126000
"2022-10-04",290000,2,285000
"2022-10-20",84000,2,79000
"2022-10-26",350000,2,345000
"2022-10-04",499000,2,494000
"2022-10-27",75780,2,70780
"2022-10-04",160000,2,155000
"2022-10-11",980000,2,975000
"2022-10-20",54000,2,49000
"2022-10-24",6150000,2,6145000
"2022-10-02",136500,2,131500
"2022-10-25",4050,2,-950
"2022-10-11",298000,2,293000
"2022-10-18",236370,2,231370
"2022-10-18",64900,2,59900
"2022-10-19",75000,2,70000
"2022-10-13",194700,2,189700
"2022-10-06",120000,2,115000
"2022-10-05",17900,2,12900
"2022-10-30",585000,2,580000
"2022-10-12",49575,2,44575
"2022-10-12",19425,2,14425
"2022-10-01",825000,1,810000
"2022-10-20",959700,2,954700
"2022-10-14",130000,2,125000
"2022-10-12",1950000,2,1945000
"2022-10-06",299997,2,294997
"2022-10-21",227700,2,222700
"2022-10-11",57000,2,52000
"2022-10-20",177000,2,172000
"2022-10-08",140000,2,135000
"2022-10-04",581400,2,576400
"2022-10-24",689997,2,684997
"2022-10-27",105400,2,100400
"2022-10-16",217500,2,212500
"2022-10-05",170700,2,165700
"2022-10-30",75000,2,70000
"2022-10-03",525,2,-4475
"2022-10-05",529000,2,524000
"2022-10-01",129270,1,114270
"2022-10-25",169000,2,164000
"2022-10-26",435000,2,430000
"2022-10-12",71000,2,66000
"2022-10-21",280000,2,275000
"2022-10-16",1300000,2,1295000
"2022-10-05",837000,2,832000
"2022-10-16",78790,2,73790
"2022-10-11",81000,2,76000
"2022-10-14",319900,2,314900
"2022-10-22",161592,2,156592
"2022-10-30",48450,2,43450
"2022-10-13",41990,2,36990
"2022-10-18",498000,2,493000
"2022-10-30",129500,2,124500
"2022-10-25",312000,2,307000
"2022-10-06",6150000,2,6145000
"2022-10-30",53500,2,48500
"2022-10-10",170000,3,162500
"2022-10-04",54000,2,49000
"2022-10-08",165000,2,160000
"2022-10-21",359700,2,354700
"2022-10-09",4545000,2,4540000
"2022-10-22",116250,2,111250
"2022-10-03",4977000,2,4972000
"2022-10-09",68000,2,63000
"2022-10-13",149000,2,144000
"2022-10-08",55000,2,50000
"2022-10-07",159000,2,154000
"2022-10-27",387000,2,382000
"2022-10-17",103364,2,98364
"2022-10-23",215100,2,210100
"2022-10-27",104000,2,99000
"2022-10-30",10650000,2,10645000
"2022-10-30",149000,2,144000
"2022-10-01",290982,2,285982
"2022-10-28",420000,2,415000
"2022-10-22",79000,2,74000
"2022-10-27",44000,2,39000
"2022-10-25",220000,2,215000
"2022-10-18",21724,2,16724
"2022-10-31",94500,2,89500
"2022-10-23",75980,2,70980
"2022-10-26",256000,2,251000
"2022-10-02",84000,2,79000
"2022-10-07",31100,2,26100
"2022-10-18",128000,2,123000
"2022-10-01",2000,1,-13000
"2022-10-01",33343,2,28343
"2022-10-28",113800,2,108800
"2022-10-20",47000,2,42000
"2022-10-12",899997,2,894997
"2022-10-17",315000,2,310000
"2022-11-24",65000,2,60000
"2022-11-16",215100,2,210100
"2022-11-01",825000,2,820000
"2022-11-11",51000,2,46000
"2022-11-24",136500,2,131500
"2022-11-18",193800,2,188800
"2022-11-16",415000,2,410000
"2022-11-03",73998,2,68998
"2022-11-23",281940,2,276940
"2022-11-24",59700,2,54700
"2022-11-05",26270,2,21270
"2022-11-09",297000,2,292000
"2022-11-09",170000,2,165000
"2022-11-18",150000,2,145000
"2022-11-11",115000,2,110000
"2022-11-20",1074000,2,1069000
"2022-11-25",138500,2,133500
"2022-11-03",370000,2,365000
"2022-11-28",39800,2,34800
"2022-11-18",5700000,2,5695000
"2022-11-27",330000,2,325000
"2022-11-13",65000,2,60000
"2022-11-20",159000,2,154000
"2022-11-17",91800,2,86800
"2022-11-06",25600,2,20600
"2022-11-24",218040,2,213040
"2022-11-18",747000,2,742000
"2022-11-01",310000,2,305000
"2022-11-06",199000,2,194000
"2022-11-30",18455,2,13455
"2022-11-05",48450,2,43450
"2022-11-20",71000,2,66000
"2022-11-04",2250000,2,2245000
"2022-11-17",179800,2,174800
"2022-11-10",825000,2,820000
"2022-11-13",310000,2,305000
"2022-11-27",106500,2,101500
"2022-11-14",1796000,2,1791000
"2022-11-27",168300,2,163300
"2022-11-06",220000,2,215000
"2022-11-11",2097000,2,2092000
"2022-11-21",45800,2,40800
"2022-11-21",59800,2,54800
"2022-11-16",162500,2,157500
"2022-11-29",33000,2,28000
"2022-11-20",26750,2,21750
"2022-11-07",61998,2,56998
"2022-11-10",88920,2,83920
"2022-11-28",399998,2,394998
"2022-11-13",98750,2,93750
"2022-11-17",256000,2,251000
"2022-11-14",807000,2,802000
"2022-11-26",338000,2,333000
"2022-11-09",426000,2,421000
"2022-11-15",4977000,2,4972000
"2022-11-21",11600,2,6600
"2022-11-10",178322,2,173322
"2022-11-19",130000,2,125000
"2022-11-11",74800,2,69800
"2022-11-07",1470000,2,1465000
"2022-11-12",70000,2,65000
"2022-11-01",458000,1,443000
"2022-11-11",179700,2,174700
"2022-11-13",55000,2,50000
"2022-11-26",448000,2,443000
"2022-11-09",44000,2,39000
"2022-11-22",250200,2,245200
"2022-11-20",81000,2,76000
"2022-11-17",68700,2,63700
"2022-11-21",398000,2,393000
"2022-11-24",198000,2,193000
"2022-11-17",130000,2,125000
"2022-11-05",139800,2,134800
"2022-11-19",390000,2,385000
"2022-11-21",90000,2,85000
"2022-11-29",135290,2,130290
"2022-11-14",472500,2,467500
"2022-11-18",277000,2,272000
"2022-11-02",25500,2,20500
"2022-11-03",825000,2,820000
"2022-11-19",35200,2,30200
"2022-11-17",65000,2,60000
"2022-11-25",149625,2,144625
"2022-11-04",119700,2,114700
"2022-11-09",55550,2,50550
"2022-11-21",236370,2,231370
"2022-11-30",105000,2,100000
"2022-11-29",25000,2,20000
"2022-11-23",477000,2,472000
"2022-11-19",200700,2,195700
"2022-11-19",507000,2,502000
"2022-11-26",79950,2,74950
"2022-11-13",57000,2,52000
"2022-11-25",345000,2,340000
"2022-11-20",130000,2,125000
"2022-11-18",165500,2,160500
"2022-11-13",130000,2,125000
"2022-11-02",97920,2,92920
"2022-11-14",65700,2,60700
"2022-11-18",139000,2,134000
"2022-11-02",195000,2,190000
"2022-11-10",4317000,2,4312000
"2022-11-29",58000,2,53000
"2022-11-09",80000,2,75000
"2022-11-01",11990,1,-3010
"2022-11-23",96000,2,91000
"2022-11-01",5550,2,550
"2022-11-19",23500,2,18500
"2022-11-03",156000,2,151000
"2022-11-26",25500,2,20500
"2022-11-19",86000,2,81000
"2022-11-02",54000,2,49000
"2022-11-20",32000,2,27000
"2022-11-15",506250,2,501250
"2022-11-04",129800,2,124800
"2022-11-29",72680,2,67680
"2022-11-07",296907,2,291907
"2022-11-05",290000,2,285000
"2022-11-14",161999,2,156999
"2022-11-09",282000,2,277000
"2022-11-09",149600,2,144600
"2022-11-13",157500,2,152500
"2022-11-25",39800,2,34800
"2022-11-01",260000,1,245000
"2022-11-08",77370,2,72370
"2022-11-20",170700,2,165700
"2022-11-18",60000,2,55000
"2022-11-25",231998,2,226998
"2022-11-29",159000,2,154000
"2022-11-29",169380,2,164380
"2022-11-10",197938,2,192938
"2022-11-17",1500000,2,1495000
"2022-11-29",157500,2,152500
"2022-11-06",420000,2,415000
"2022-11-23",99000,2,94000
"2022-11-10",83661,2,78661
"2022-11-11",98500,2,93500
"2022-11-16",899997,2,894997
"2022-11-12",880000,2,875000
"2022-11-12",376000,2,371000
"2022-11-21",110925,2,105925
"2022-11-12",172500,2,167500
"2022-11-12",260000,2,255000
"2022-11-27",69900,2,64900
"2022-11-23",299700,2,294700
"2022-11-10",390000,2,385000
"2022-11-06",106500,2,101500
"2022-11-23",285000,2,280000
"2022-11-21",417000,2,412000
"2022-11-10",14800,2,9800
"2022-11-13",11600,2,6600
"2022-11-27",19900,2,14900
"2022-11-05",538000,2,533000
"2022-11-04",84150,2,79150
"2022-11-30",378000,2,373000
"2022-11-12",95800,2,90800
"2022-11-19",525000,2,520000
"2022-11-14",79000,2,74000
"2022-11-26",23200,2,18200
"2022-11-08",260000,2,255000
"2022-11-14",315000,2,310000
"2022-11-24",4950060,2,4945060
"2022-11-26",130000,2,125000
"2022-11-22",1415000,2,1410000
"2022-11-11",267000,2,262000
"2022-11-28",65000,2,60000
"2022-11-02",278000,2,273000
"2022-11-19",52700,2,47700
"2022-11-03",34000,2,29000
"2022-11-11",45800,2,40800
"2022-11-29",70800,2,65800
"2022-11-16",42660,2,37660
"2022-11-11",538850,2,533850
"2022-11-30",898000,2,893000
"2022-11-24",59900,2,54900
"2022-11-22",359700,2,354700
"2022-11-12",239700,2,234700
"2022-11-09",83980,2,78980
"2022-11-14",599998,2,594998
"2022-11-17",70000,2,65000
"2022-11-23",64000,2,59000
"2022-11-17",5010,2,10
"2022-11-01",435000,1,420000
"2022-11-23",49800,2,44800
"2022-11-17",110000,2,105000
"2022-11-09",5840000,2,5835000
"2022-11-13",280000,2,275000
"2022-11-05",39001,2,34001
"2022-11-03",161999,2,156999
"2022-11-23",138500,2,133500
"2022-11-25",40500,2,35500
"2022-11-29",159000,2,154000
"2022-11-26",19000,2,14000
"2022-11-04",109630,2,104630
"2022-11-16",60000,2,55000
"2022-11-12",174000,2,169000
"2022-11-06",327000,2,322000
"2022-11-18",164700,2,159700
"2022-11-09",177000,2,172000
"2022-11-09",80250,2,75250
"2022-11-10",147420,2,142420
"2022-11-21",220000,2,215000
"2022-11-01",825000,2,820000
"2022-11-09",277000,2,272000
"2022-11-29",94500,2,89500
"2022-11-04",830000,2,825000
"2022-11-15",299800,2,294800
"2022-11-10",255000,2,250000
"2022-11-09",296250,2,291250
"2022-11-03",117000,2,112000
"2022-11-10",90000,2,85000
"2022-11-04",1440000,2,1435000
"2022-11-21",168300,2,163300
"2022-11-19",420000,2,415000
"2022-11-17",96000,2,91000
"2022-11-29",100029,2,95029
"2022-11-23",296250,2,291250
"2022-11-26",105400,2,100400
"2022-11-26",448950,2,443950
"2022-11-26",300000,2,295000
"2022-11-10",260000,2,255000
"2022-11-03",93884,2,88884
"2022-11-28",825000,2,820000
"2022-11-25",3299700,2,3294700
"2022-11-21",52500,2,47500
"2022-11-16",85000,2,80000
"2022-11-16",177000,2,172000
"2022-11-06",567000,2,562000
"2022-11-22",239700,2,234700
"2022-11-06",243540,2,238540
"2022-11-18",68700,2,63700
"2022-11-06",410000,2,405000
"2022-11-04",318000,2,313000
"2022-11-19",435000,2,430000
"2022-11-01",672000,2,667000
"2022-11-03",420000,2,415000
"2022-11-06",24250,2,19250
"2022-11-08",84690,2,79690
"2022-11-06",129000,2,124000
"2022-11-07",653997,2,648997
"2022-11-17",84150,2,79150
"2022-11-15",72680,2,67680
"2022-11-28",2878000,2,2873000
"2022-11-02",150000,2,145000
"2022-11-15",338000,2,333000
"2022-11-30",195000,2,190000
"2022-11-22",1125000,2,1120000
"2022-11-17",199999,2,194999
"2022-11-07",99150,2,94150
"2022-11-12",25000,2,20000
"2022-11-21",184800,2,179800
"2022-11-07",98750,2,93750
"2022-11-20",1128000,2,1123000
"2022-11-07",48450,2,43450
"2022-11-16",44900,2,39900
"2022-11-25",93980,2,88980
"2022-11-09",236370,2,231370
"2022-11-14",132000,2,127000
"2022-11-27",31000,2,26000
"2022-11-11",25000,2,20000
"2022-11-13",80250,2,75250
"2022-11-02",4950060,2,4945060
"2022-11-09",675000,2,670000
"2022-11-18",99000,2,94000
"2022-11-03",157500,2,152500
"2022-11-02",4050,2,-950
"2022-11-14",672000,2,667000
"2022-11-02",4200,2,-800
"2022-11-13",22900,2,17900
"2022-11-01",534966,2,529966
"2022-11-26",44400,2,39400
"2022-11-26",150000,2,145000
"2022-11-12",109800,2,104800
"2022-11-03",54561,2,49561
"2022-11-26",331000,2,326000
"2022-11-30",1320000,2,1315000
"2022-11-11",376000,2,371000
"2022-11-06",110000,2,105000
"2022-11-01",57000,1,42000
"2022-11-04",3300,2,-1700
"2022-11-14",297000,2,292000
"2022-11-10",360750,2,355750
"2022-11-09",5550,2,550
"2022-11-14",109000,2,104000
"2022-11-09",390000,2,385000
"2022-11-13",240000,2,235000
"2022-11-15",27887,2,22887
"2022-11-05",157500,2,152500
"2022-11-27",59999,2,54999
"2022-11-14",239850,2,234850
"2022-11-05",277000,2,272000
"2022-11-06",300000,2,295000
"2022-11-12",130000,2,125000
"2022-11-04",31500,2,26500
"2022-11-26",29600,2,24600
"2022-11-29",139800,2,134800
"2022-11-22",59700,2,54700
"2022-11-26",277000,2,272000
"2022-11-21",124900,2,119900
"2022-11-30",94000,2,89000
"2022-11-29",27887,2,22887
"2022-11-27",337998,2,332998
"2022-11-02",197500,2,192500
"2022-11-11",8760000,2,8755000
"2022-11-17",24250,2,19250
"2022-11-28",165000,2,160000
"2022-11-22",149000,2,144000
"2022-11-24",254250,2,249250
"2022-11-15",39000,2,34000
"2022-11-27",350000,2,345000
"2022-11-30",99000,2,94000
"2022-11-06",8622,2,3622
"2022-11-25",318000,2,313000
"2022-11-25",1449000,2,1444000
"2022-11-17",159600,2,154600
"2022-11-15",825000,2,820000
"2022-11-12",218040,2,213040
"2022-11-21",399800,2,394800
"2022-11-04",139000,2,134000
"2022-11-01",234000,1,219000
"2022-11-10",240000,2,235000
"2022-11-15",442260,2,437260
"2022-11-11",30600,2,25600
"2022-11-23",73500,2,68500
"2022-11-18",128300,2,123300
"2022-11-27",140000,2,135000
"2022-11-08",65700,2,60700
"2022-11-08",220000,2,215000
"2022-11-28",657000,2,652000
"2022-11-07",399998,2,394998
"2022-11-06",55365,2,50365
"2022-11-17",375000,2,370000
"2022-11-06",423000,2,418000
"2022-11-18",507000,2,502000
"2022-11-16",38000,2,33000
"2022-11-27",141600,2,136600
"2022-11-22",93000,2,88000
"2022-11-17",49000,2,44000
"2022-11-22",19425,2,14425
"2022-11-06",315000,2,310000
"2022-11-23",169000,2,164000
"2022-11-23",43000,2,38000
"2022-11-11",96994,2,91994
"2022-11-21",471750,2,466750
"2022-11-15",33343,2,28343
"2022-11-12",143664,2,138664
"2022-11-12",45900,2,40900
"2022-11-08",123000,2,118000
"2022-11-01",96000,2,91000
"2022-11-24",333000,2,328000
"2022-11-12",58500,2,53500
"2022-11-29",139000,2,134000
"2022-11-03",558000,2,553000
"2022-11-04",111100,2,106100
"2022-11-09",63000,2,58000
"2022-11-08",8580,2,3580
"2022-11-13",36800,2,31800
"2022-11-22",145360,2,140360
"2022-11-30",960000,2,955000
"2022-11-17",79000,2,74000
"2022-11-16",75000,2,70000
"2022-11-06",185000,2,180000
"2022-11-18",199998,2,194998
"2022-11-22",152000,2,147000
"2022-11-17",232500,2,227500
"2022-11-21",4999000,2,4994000
"2022-11-10",51200,2,46200
"2022-11-13",179400,2,174400
"2022-11-22",555000,2,550000
"2022-11-03",72750,2,67750
"2022-11-14",152000,2,147000
"2022-11-21",162500,2,157500
"2022-11-09",67570,2,62570
"2022-11-06",69000,2,64000
"2022-11-15",139000,2,134000
"2022-11-01",59700,1,44700
"2022-11-18",24796,2,19796
"2022-11-21",808275,2,803275
"2022-11-13",75000,2,70000
"2022-11-06",99000,2,94000
"2022-11-11",62400,2,57400
"2022-11-19",170700,2,165700
"2022-11-01",880000,2,875000
"2022-11-04",438000,2,433000
"2022-11-18",123200,2,118200
"2022-11-08",65000,2,60000
"2022-11-30",157500,2,152500
"2022-11-25",297000,2,292000
"2022-11-08",192000,2,187000
"2022-11-12",189900,2,184900
"2022-11-20",218000,2,213000
"2022-11-04",124800,2,119800
"2022-11-19",62000,2,57000
"2022-11-17",520000,2,515000
"2022-11-14",567000,2,562000
"2022-11-04",18455,2,13455
"2022-11-15",20000,2,15000
"2022-11-24",300000,2,295000
"2022-11-06",159000,2,154000
"2022-11-08",165000,2,160000
"2022-11-18",29700,2,24700
"2022-11-22",315000,2,310000
"2022-11-21",110000,2,105000
"2022-11-12",680000,2,675000
"2022-11-30",399998,2,394998
"2022-11-15",105000,2,100000
"2022-11-04",39900,2,34900
"2022-11-23",112500,2,107500
"2022-11-03",75780,2,70780
"2022-11-19",99000,2,94000
"2022-11-24",8622,2,3622
"2022-11-14",156000,2,151000
"2022-11-12",179400,2,174400
"2022-11-14",89000,2,84000
"2022-11-11",59700,2,54700
"2022-11-23",125970,2,120970
"2022-11-08",338000,2,333000
"2022-11-30",693000,2,688000
"2022-11-14",747000,2,742000
"2022-11-20",150000,2,145000
"2022-11-27",80000,2,75000
"2022-11-02",219000,2,214000
"2022-11-17",680000,2,675000
"2022-11-22",62400,2,57400
"2022-11-03",162360,2,157360
"2022-11-22",145360,2,140360
"2022-11-07",110925,2,105925
"2022-11-08",23200,2,18200
"2022-11-13",50000,2,45000
"2022-11-04",599700,2,594700
"2022-11-08",179800,2,174800
"2022-11-24",188000,2,183000
"2022-11-10",1497000,2,1492000
"2022-11-10",318000,2,313000
"2022-11-13",109630,2,104630
"2022-11-22",130000,2,125000
"2022-11-24",690000,2,685000
"2022-11-10",64000,2,59000
"2022-11-14",168750,2,163750
"2022-11-07",152000,2,147000
"2022-11-10",121500,2,116500
"2022-11-14",193988,2,188988
"2022-12-07",34000,2,29000
"2022-12-07",81180,2,76180
"2022-12-15",460000,5,445000
"2022-12-01",65000,1,50000
"2022-12-19",11990,5,-3010
"2022-12-27",110000,11,95000
"2022-12-31",150000,5,135000
"2022-12-07",5010,5,-9990
"2022-12-28",39800,11,24800
"2022-12-23",141000,5,126000
"2022-12-30",3340,11,-11660
"2022-12-07",29600,5,14600
"2022-12-19",59000,2,54000
"2022-12-24",294840,2,289840
"2022-12-17",338000,5,323000
"2022-12-29",1020000,11,1005000
"2022-12-02",448000,5,433000
"2022-12-09",93884,2,88884
"2022-12-25",38000,11,23000
"2022-12-31",198000,5,183000
"2022-12-18",180000,2,175000
"2022-12-24",227700,5,212700
"2022-12-26",420000,11,405000
"2022-12-08",115000,2,110000
"2022-12-31",1950000,5,1935000
"2022-12-11",179700,2,174700
"2022-12-08",47000,5,32000
"2022-12-25",119800,11,104800
"2022-12-09",139000,2,134000
"2022-12-04",136500,2,131500
"2022-12-12",387600,4,357600
"2022-12-22",185000,5,170000
"2022-12-14",140000,5,125000
"2022-12-05",37900,2,32900
"2022-12-16",21500,2,16500
"2022-12-30",78000,11,63000
"2022-12-25",252450,11,237450
"2022-12-17",35970,5,20970
"2022-12-05",298000,5,283000
"2022-12-25",185000,11,170000
"2022-12-17",57000,2,52000
"2022-12-29",145360,11,130360
"2022-12-15",397500,5,382500
"2022-12-14",440000,2,435000
"2022-12-02",108750,5,93750
"2022-12-09",69900,2,64900
"2022-12-02",2830000,2,2825000
"2022-12-16",285000,2,280000
"2022-12-17",121500,5,106500
"2022-12-31",72675,5,57675
"2022-12-08",116000,2,111000
"2022-12-12",1300000,4,1270000
"2022-12-20",98500,2,93500
"2022-12-18",227997,5,212997
"2022-12-18",375000,2,370000
"2022-12-07",66900,5,51900
"2022-12-07",337998,2,332998
"2022-12-15",75980,5,60980
"2022-12-14",169000,2,164000
"2022-12-28",311700,11,296700
"2022-12-12",297000,4,267000
"2022-12-27",117003,11,102003
"2022-12-11",104000,5,89000
"2022-12-24",91800,5,76800
"2022-12-06",435000,2,430000
"2022-12-28",69900,11,54900
"2022-12-16",496500,5,481500
"2022-12-14",250200,2,245200
"2022-12-04",35200,5,20200
"2022-12-14",379800,2,374800
"2022-12-15",17400,2,12400
"2022-12-05",49800,5,34800
"2022-12-17",239700,2,234700
"2022-12-14",240000,5,225000
"2022-12-21",179700,5,164700
"2022-12-30",57000,11,42000
"2022-12-20",37386,5,22386
"2022-12-03",60000,2,55000
"2022-12-18",472500,5,457500
"2022-12-19",693000,5,678000
"2022-12-02",496500,2,491500
"2022-12-15",129270,2,124270
"2022-12-14",111100,5,96100
"2022-12-03",29600,2,24600
"2022-12-28",1659000,11,1644000
"2022-12-07",231750,5,216750
"2022-12-15",393360,5,378360
"2022-12-03",1850,5,-13150
"2022-12-07",477000,2,472000
"2022-12-29",143664,11,128664
"2022-12-19",180000,2,175000
"2022-12-03",174000,2,169000
"2022-12-22",95776,5,80776
"2022-12-23",170700,5,155700
"2022-12-02",399800,2,394800
"2022-12-24",157998,2,152998
"2022-12-23",148500,2,143500
"2022-12-24",146000,2,141000
"2022-12-29",69900,11,54900
"2022-12-10",192450,2,187450
"2022-12-10",53776,5,38776
"2022-12-04",145000,5,130000
"2022-12-24",30000,2,25000
"2022-12-09",3000,5,-12000
"2022-12-27",165000,11,150000
"2022-12-11",164445,5,149445
"2022-12-25",76000,11,61000
"2022-12-22",3380,2,-1620
"2022-12-05",415500,2,410500
"2022-12-05",399998,5,384998
"2022-12-13",149650,2,144650
"2022-12-01",94000,1,79000
"2022-12-28",73500,11,58500
"2022-12-18",72500,2,67500
"2022-12-11",435998,2,430998
"2022-12-10",89900,2,84900
"2022-12-22",417000,5,402000
"2022-12-19",45500,2,40500
"2022-12-06",45900,2,40900
"2022-12-13",205000,5,190000
"2022-12-26",256000,11,241000
"2022-12-23",75000,2,70000
"2022-12-03",1950000,2,1945000
"2022-12-03",55200,5,40200
"2022-12-11",2025000,2,2020000
"2022-12-05",188000,2,183000
"2022-12-28",1364250,11,1349250
"2022-12-07",465000,2,460000
"2022-12-26",89000,11,74000
"2022-12-16",615000,5,600000
"2022-12-31",269000,5,254000
"2022-12-19",56000,2,51000
"2022-12-19",330000,2,325000
"2022-12-06",1074000,5,1059000
"2022-12-13",76500,2,71500
"2022-12-15",495000,5,480000
"2022-12-25",440000,11,425000
"2022-12-01",270000,1,255000
"2022-12-14",387600,2,382600
"2022-12-24",5700000,5,5685000
"2022-12-23",22900,2,17900
"2022-12-21",85000,5,70000
"2022-12-15",119700,2,114700
"2022-12-27",89900,11,74900
"2022-12-02",166500,5,151500
"2022-12-20",44000,2,39000
"2022-12-24",258540,5,243540
"2022-12-09",25600,5,10600
"2022-12-11",337500,2,332500
"2022-12-01",105000,1,90000
"2022-12-08",27887,5,12887
"2022-12-15",597000,5,582000
"2022-12-30",93000,11,78000
"2022-12-24",657000,2,652000
"2022-12-22",337500,2,332500
"2022-12-02",294840,2,289840
"2022-12-18",218040,5,203040
"2022-12-08",462000,2,457000
"2022-12-03",2250000,2,2245000
"2022-12-23",898000,5,883000
"2022-12-02",450000,2,445000
"2022-12-06",104000,2,99000
"2022-12-16",52000,5,37000
"2022-12-08",338000,2,333000
"2022-12-27",170000,11,155000
"2022-12-31",51480,5,36480
"2022-12-14",960000,2,955000
"2022-12-05",37386,2,32386
"2022-12-11",64000,2,59000
"2022-12-31",267000,5,252000
"2022-12-31",206664,5,191664
"2022-12-02",57000,2,52000
"2022-12-02",1200000,2,1195000
"2022-12-17",258540,5,243540
"2022-12-08",177000,2,172000
"2022-12-26",145360,11,130360
"2022-12-18",56079,5,41079
"2022-12-14",73998,2,68998
"2022-12-06",8550000,2,8545000
"2022-12-14",150000,2,145000
"2022-12-22",1950000,5,1935000
"2022-12-04",99150,2,94150
"2022-12-07",75900,2,70900
"2022-12-31",99000,5,84000
"2022-12-19",146880,2,141880
"2022-12-11",118000,2,113000
"2022-12-16",136500,2,131500
"2022-12-07",296250,2,291250
"2022-12-16",254250,5,239250
"2022-12-07",112000,5,97000
"2022-12-05",299999,2,294999
"2022-12-14",960000,5,945000
"2022-12-21",168300,2,163300
"2022-12-11",11990,2,6990
"2022-12-09",145000,2,140000
"2022-12-30",170700,11,155700
"2022-12-19",170000,5,155000
"2022-12-05",212400,2,207400
"2022-12-25",1245000,11,1230000
"2022-12-06",103364,5,88364
"2022-12-15",43000,5,28000
"2022-12-19",680000,5,665000
"2022-12-30",435000,11,420000
"2022-12-15",207000,2,202000
"2022-12-20",3300,2,-1700
"2022-12-18",161999,5,146999
"2022-12-15",122052,5,107052
"2022-12-25",599997,11,584997
"2022-12-22",1796000,2,1791000
"2022-12-08",49500,2,44500
"2022-12-19",111100,5,96100
"2022-12-13",155000,2,150000
"2022-12-19",739500,5,724500
"2022-12-31",99000,5,84000
"2022-12-30",345000,11,330000
"2022-12-15",54000,5,39000
"2022-12-31",278000,5,263000
"2022-12-09",72680,5,57680
"2022-12-04",156000,2,151000
"2022-12-12",405000,4,375000
"2022-12-19",23200,5,8200
"2022-12-17",39000,5,24000
"2022-12-21",66000,5,51000
"2022-12-01",899900,1,884900
"2022-12-09",837000,5,822000
"2022-12-31",192900,5,177900
"2022-12-08",22000,5,7000
"2022-12-08",510000,5,495000
"2022-12-04",538850,2,533850
"2022-12-21",18455,5,3455
"2022-12-31",109000,5,94000
"2022-12-03",75999,2,70999
"2022-12-05",155000,5,140000
"2022-12-21",49400,2,44400
"2022-12-01",185000,1,170000
"2022-12-03",128000,5,113000
"2022-12-19",75800,2,70800
"2022-12-15",462000,5,447000
"2022-12-02",98750,2,93750
"2022-12-20",69642,2,64642
"2022-12-03",126000,2,121000
"2022-12-24",159000,5,144000
"2022-12-24",55365,5,40365
"2022-12-05",599997,2,594997
"2022-12-15",137776,5,122776
"2022-12-02",45000,5,30000
"2022-12-20",130000,5,115000
"2022-12-26",145000,11,130000
"2022-12-17",57000,5,42000
"2022-12-27",267000,11,252000
"2022-12-02",109000,5,94000
"2022-12-03",145360,2,140360
"2022-12-15",36000,5,21000
"2022-12-26",290982,11,275982
"2022-12-04",43448,5,28448
"2022-12-01",92000,1,77000
"2022-12-15",98800,2,93800
"2022-12-13",27000,5,12000
"2022-12-05",55000,2,50000
"2022-12-06",585000,2,580000
"2022-12-02",275000,2,270000
"2022-12-24",477000,2,472000
"2022-12-04",11250,5,-3750
"2022-12-29",296250,11,281250
"2022-12-21",156000,2,151000
"2022-12-30",39500,11,24500
"2022-12-19",887550,5,872550
"2022-12-19",379800,2,374800
"2022-12-09",54000,5,39000
"2022-12-06",399998,2,394998
"2022-12-07",107000,2,102000
"2022-12-10",125970,2,120970
"2022-12-06",146880,5,131880
"2022-12-05",297000,2,292000
"2022-12-11",998000,2,993000
"2022-12-27",338000,11,323000
"2022-12-05",93884,2,88884
"2022-12-29",185000,11,170000
"2022-12-21",5010,5,-9990
"2022-12-16",1799800,5,1784800
"2022-12-12",91800,4,61800
"2022-12-20",390000,2,385000
"2022-12-04",250000,5,235000
"2022-12-31",299800,5,284800
"2022-12-18",232500,5,217500
"2022-12-23",274000,2,269000
"2022-12-04",980000,2,975000
"2022-12-25",499000,11,484000
"2022-12-30",113800,11,98800
"2022-12-11",59000,5,44000
"2022-12-29",898000,11,883000
"2022-12-21",147420,2,142420
"2022-12-17",1000,2,-4000
"2022-12-18",218000,2,213000
"2022-12-15",399998,5,384998
"2022-12-07",137776,2,132776
"2022-12-15",131746,2,126746
"2022-12-20",315000,5,300000
"2022-12-21",119800,2,114800
"2022-12-09",150000,5,135000
"2022-12-21",124000,2,119000
"2022-12-02",450000,5,435000
"2022-12-24",69900,5,54900
"2022-12-11",224850,5,209850
"2022-12-20",356644,5,341644
"2022-12-09",64500,5,49500
"2022-12-07",65000,5,50000
"2022-12-05",124900,2,119900
"2022-12-15",64500,2,59500
"2022-12-17",55000,5,40000
"2022-12-21",50000,5,35000
"2022-12-08",360750,2,355750
"2022-12-13",57000,5,42000
"2022-12-15",599997,5,584997
"2022-12-30",143400,11,128400
"2022-12-04",718200,2,713200
"2022-12-24",462000,2,457000
"2022-12-06",70000,5,55000
"2022-12-24",169000,2,164000
"2022-12-27",91800,11,76800
"2022-12-15",137776,5,122776
"2022-12-15",208500,2,203500
"2022-12-19",170000,2,165000
"2022-12-06",310000,5,295000
"2022-12-16",59900,5,44900
"2022-12-02",65500,5,50500
"2022-12-11",345000,5,330000
"2022-12-25",375000,11,360000
"2022-12-23",119700,5,104700
"2022-12-12",44000,4,14000
"2022-12-19",58500,5,43500
"2022-12-01",80250,1,65250
"2022-12-13",585000,5,570000
"2022-12-14",3550000,2,3545000
"2022-12-12",2380,4,-27620
"2022-12-23",50500,5,35500
"2022-12-28",9200,11,-5800
"2022-12-29",197619,11,182619
"2022-12-17",315000,2,310000
"2022-12-29",199999,11,184999
"2022-12-05",397500,2,392500
"2022-12-09",49000,5,34000
"2022-12-15",388500,5,373500
"2022-12-11",960000,2,955000
"2022-12-28",615000,11,600000
"2022-12-28",752000,11,737000
"2022-12-17",89900,2,84900
"2022-12-13",139800,5,124800
"2022-12-04",199999,5,184999
"2022-12-21",207800,2,202800
"2022-12-21",36910,5,21910
"2022-12-04",93000,2,88000
"2022-12-31",550000,5,535000
"2022-12-27",894000,11,879000
"2022-12-20",1099900,5,1084900
"2022-12-14",43000,2,38000
"2022-12-02",72500,2,67500
"2022-12-31",131746,5,116746
"2022-12-31",278000,5,263000
"2022-12-04",27600,2,22600
"2022-12-06",296250,2,291250
"2022-12-16",133800,5,118800
"2022-12-09",653997,5,638997
"2022-12-11",138500,2,133500
"2022-12-29",493000,11,478000
"2022-12-19",195000,2,190000
"2022-12-24",254250,5,239250
"2022-12-18",68000,2,63000
"2022-12-02",18400,2,13400
"2022-12-02",297000,2,292000
"2022-12-08",1699000,2,1694000
"2022-12-28",478800,11,463800
"2022-12-01",262240,1,247240
"2022-12-05",15000,5,0
"2022-12-20",448000,2,443000
"2022-12-10",830000,5,815000
"2022-12-24",146000,2,141000
"2022-12-26",360000,11,345000
"2022-12-10",145360,5,130360
"2022-12-08",2920000,2,2915000
"2022-12-04",50000,5,35000
"2022-12-08",113800,5,98800
"2022-12-28",10000,11,-5000
"2022-12-01",41990,1,26990
"2022-12-09",130000,2,125000
"2022-12-31",24250,5,9250
"2022-12-17",148200,2,143200
"2022-12-24",18400,2,13400
"2022-12-10",185000,2,180000
"2022-12-14",5970000,2,5965000
"2022-12-15",2380,5,-12620
"2022-12-05",195000,5,180000
"2022-12-08",158100,2,153100
"2022-12-20",537000,2,532000
"2022-12-02",60000,5,45000
"2022-12-04",99999,5,84999
"2022-12-30",45800,11,30800
"2022-12-23",152000,5,137000
"2022-12-04",330000,2,325000
"2022-12-01",26270,2,21270
"2022-12-22",144000,5,129000
"2022-12-09",185000,2,180000
"2022-12-05",105400,5,90400
"2022-12-17",9748,2,4748
"2022-12-06",100000,5,85000
"2022-12-14",415500,5,400500
"2022-12-12",250200,4,220200
"2022-12-26",19800,11,4800
"2022-12-08",39900,2,34900
"2022-12-20",54561,5,39561
"2022-12-28",185000,11,170000
"2022-12-23",716000,2,711000
"2022-12-05",400000,2,395000
"2022-12-01",278500,2,273500
"2022-12-22",1125000,2,1120000
"2022-12-16",41990,2,36990
"2022-12-06",158100,2,153100
"2022-12-15",59999,2,54999
"2022-12-04",100000,2,95000
"2022-12-31",197500,5,182500
"2022-12-22",169000,2,164000
"2022-12-21",135100,5,120100
"2022-12-11",80000,5,65000
"2022-12-10",165000,2,160000
"2022-12-09",310500,2,305500
"2022-12-11",122052,5,107052
"2022-12-10",615000,2,610000
"2022-12-30",55774,11,40774
"2022-12-16",207000,5,192000
"2022-12-29",18455,11,3455
"2022-12-31",8950,5,-6050
"2022-12-14",92000,2,87000
"2022-12-06",36910,2,31910
"2022-12-15",450000,5,435000
"2022-12-04",119000,5,104000
"2022-12-14",41990,2,36990
"2022-12-20",256000,5,241000
"2022-12-28",190000,11,175000
"2022-12-12",899997,4,869997
"2022-12-15",96000,2,91000
"2022-12-13",85320,2,80320
"2022-12-01",19800,2,14800
"2022-12-25",58000,11,43000
"2022-12-20",35000,2,30000
"2022-12-26",57000,11,42000
"2022-12-08",2878000,5,2863000
"2022-12-20",195000,5,180000
"2022-12-02",217500,2,212500
"2022-12-04",119900,2,114900
"2022-12-01",139000,2,134000
"2022-12-17",275000,2,270000
"2022-12-18",187200,5,172200
"2022-12-10",31400,2,26400
"2022-12-17",465000,5,450000
"2022-12-06",5070,5,-9930
"2022-12-21",290000,5,275000
"2022-12-06",472500,5,457500
"2022-12-19",88000,5,73000
"2022-12-17",375000,2,370000
"2022-12-21",177000,2,172000
"2022-12-22",447000,5,432000
"2022-12-15",95800,2,90800
"2022-12-03",65000,2,60000
"2022-12-26",1300000,11,1285000
"2022-12-31",130000,5,115000
"2022-12-13",85000,5,70000
"2022-12-15",130000,2,125000
"2022-12-30",180000,11,165000
"2022-12-20",20000,2,15000
"2022-12-22",8550000,2,8545000
"2022-12-20",42000,5,27000
"2022-12-11",97500,5,82500
"2022-12-11",187200,5,172200
"2022-12-12",91800,4,61800
"2022-12-30",65873,11,50873
"2022-12-23",195000,5,180000
"2022-12-12",119998,4,89998
"2022-12-28",330000,11,315000
"2022-12-09",2380,2,-2620
"2022-12-29",14000,11,-1000
"2022-12-25",79800,11,64800
"2022-12-10",76000,5,61000
"2022-12-08",141600,5,126600
"2022-12-31",120000,5,105000
"2022-12-23",239400,5,224400
"2022-12-11",195000,2,190000
"2022-12-07",55000,5,40000
"2022-12-12",68700,4,38700
"2022-12-10",436000,5,421000
"2022-12-13",318000,5,303000
"2022-12-20",164445,2,159445
"2022-12-13",109000,5,94000
"2022-12-30",98500,11,83500
"2022-12-06",15700,2,10700
"2022-12-24",50000,2,45000
"2022-12-31",44900,5,29900
"2022-12-21",3300,5,-11700
"2022-12-28",45900,11,30900
"2022-12-26",172500,11,157500
"2022-12-16",185000,2,180000
"2022-12-07",41990,2,36990
"2022-12-04",29600,5,14600
"2022-12-16",653997,5,638997
"2022-12-14",24796,5,9796
"2022-12-18",140826,5,125826
"2022-12-19",279000,2,274000
"2022-12-27",100000,11,85000
"2022-12-17",99000,2,94000
"2022-12-16",161592,5,146592
"2022-12-11",390000,5,375000
"2022-12-11",229000,5,214000
"2022-12-16",450000,2,445000
"2022-12-28",139800,11,124800
"2022-12-13",61998,5,46998
"2022-12-25",310000,11,295000
"2022-12-17",460000,5,445000
"2022-12-16",110000,5,95000
"2022-12-20",296250,5,281250
"2022-12-25",33000,11,18000
"2022-12-14",3700,5,-11300
"2022-12-06",217500,2,212500
"2022-12-11",1796000,2,1791000
"2022-12-05",275000,5,260000
"2022-12-27",239400,11,224400
"2022-12-25",70500,11,55500
"2022-12-08",4245000,2,4240000
"2022-12-03",57000,5,42000
"2022-12-29",55774,11,40774
"2022-12-14",19000,2,14000
"2022-12-24",1074000,2,1069000
"2022-12-28",119000,11,104000
"2022-12-28",1990000,11,1975000
"2022-12-19",37500,2,32500
"2022-12-03",808275,2,803275
"2022-12-25",91800,11,76800
"2022-12-15",200000,5,185000
"2022-12-11",192450,5,177450
"2022-12-08",507000,5,492000
"2022-12-10",56000,5,41000
"2022-12-28",199900,11,184900
"2022-12-23",65700,5,50700
"2022-12-09",12125,5,-2875
"2022-12-16",296250,5,281250
"2022-12-20",168000,2,163000
"2022-12-19",348750,5,333750
"2022-12-28",57000,11,42000
"2022-12-31",50000,5,35000
"2022-12-13",189000,5,174000
"2022-12-06",525,2,-4475
"2022-12-13",599700,2,594700
"2022-12-07",124900,2,119900
"2022-12-21",555000,2,550000
"2022-12-10",150000,5,135000
"2022-12-25",189900,11,174900
"2022-12-28",68000,11,53000
"2022-12-29",57000,11,42000
"2022-12-30",472500,11,457500
"2022-12-14",31000,2,26000
"2022-12-11",31100,2,26100
"2022-12-08",4999000,2,4994000
"2022-12-02",93000,5,78000
"2022-12-08",237000,2,232000
"2022-12-17",81000,5,66000
"2022-12-27",178000,11,163000
"2022-12-05",158000,5,143000
"2022-12-16",94000,2,89000
"2022-12-18",1788000,5,1773000
"2022-12-09",63000,2,58000
"2022-12-31",24250,5,9250
"2022-12-25",399998,11,384998
"2022-12-22",119998,5,104998
"2022-12-12",110000,4,80000
"2022-12-03",18455,5,3455
"2022-12-29",297000,11,282000
"2022-12-09",49400,2,44400
"2022-12-12",830000,4,800000
"2022-12-19",68000,2,63000
"2022-12-10",74000,5,59000
"2022-12-13",76500,2,71500
"2022-12-26",141000,11,126000
"2022-12-08",169000,5,154000
"2022-12-08",60000,2,55000
"2022-12-08",155000,5,140000
"2022-12-01",525000,2,520000
"2022-12-23",199998,5,184998
"2022-12-19",318000,5,303000
"2022-12-03",450000,5,435000
"2022-12-23",105000,2,100000
"2022-12-03",89700,2,84700
"2022-12-17",128040,5,113040
"2022-12-22",214000,2,209000
"2022-12-04",37990,5,22990
"2022-12-07",116000,2,111000
"2022-12-13",825000,5,810000
"2022-12-04",326250,2,321250
"2022-12-05",405870,5,390870
"2022-12-21",139800,2,134800
"2022-12-11",165000,2,160000
"2022-12-04",171000,5,156000
"2022-12-26",36374,11,21374
"2022-12-19",1470000,2,1465000
"2022-12-02",520000,5,505000
"2022-12-23",462000,5,447000
"2022-12-14",1099900,2,1094900
"2022-12-17",2199800,5,2184800
"2022-12-08",5010,5,-9990
"2022-12-08",59900,2,54900
"2022-12-06",275000,5,260000
"2022-12-30",149000,11,134000
"2022-12-21",5491530,5,5476530
"2022-12-18",68700,2,63700
"2022-12-08",58275,5,43275
"2022-12-07",68700,2,63700
"2022-12-20",345000,2,340000
"2022-12-09",65873,5,50873
"2022-12-12",51000,4,21000
"2022-12-18",477000,2,472000
"2022-12-25",100000,11,85000
"2022-12-04",747000,5,732000
"2022-12-09",148000,2,143000
"2022-12-13",53000,5,38000
"2022-12-09",160000,5,145000
"2022-12-17",138000,5,123000
"2022-12-20",269425,2,264425
"2022-12-11",113700,5,98700
"2022-12-06",93980,2,88980
"2022-12-17",94500,2,89500
"2022-12-14",150000,5,135000
"2022-12-19",189900,2,184900
"2022-12-20",390000,2,385000
"2022-12-27",9998000,11,9983000
"2022-12-15",358000,5,343000
"2022-12-12",192000,4,162000
"2022-12-11",278000,5,263000
"2022-12-30",359700,11,344700
"2022-12-22",480000,5,465000
"2022-12-03",67570,5,52570
"2022-12-20",73500,2,68500
"2022-12-17",278500,2,273500
"2022-12-13",25000,5,10000
"2022-12-23",480000,2,475000
"2022-12-17",145360,2,140360
"2022-12-28",52700,11,37700
"2022-12-25",459998,11,444998
"2022-12-03",11600,2,6600
"2022-12-17",178000,5,163000
"2022-12-20",150000,2,145000
"2022-12-04",3340,5,-11660
"2022-12-08",119700,2,114700
"2022-12-05",550000,2,545000
"2022-12-20",29640,5,14640
"2022-12-17",550000,2,545000
"2022-12-03",148000,2,143000
"2022-12-13",49500,2,44500
"2022-12-03",507000,2,502000
"2022-12-14",165000,5,150000
"2022-12-18",37386,2,32386
"2022-12-27",47000,11,32000
"2022-12-17",9998000,5,9983000
"2022-12-31",45800,5,30800
"2022-12-17",142000,2,137000
"2022-12-08",300000,2,295000
"2022-12-07",199900,5,184900
"2022-12-19",192450,2,187450
"2022-12-18",105000,5,90000
"2022-12-08",127980,2,122980
"2022-12-15",284000,5,269000
"2022-12-17",81000,2,76000
"2022-12-10",230000,2,225000
"2022-12-16",81180,2,76180
"2022-12-03",70400,5,55400
"2022-12-22",139000,5,124000
"2022-12-01",128000,2,123000
"2022-12-09",75999,5,60999
"2022-12-09",399998,5,384998
"2022-12-02",77250,5,62250
"2022-12-20",192060,2,187060
"2022-12-05",129900,2,124900
"2022-12-17",30000,5,15000
"2022-12-30",252450,11,237450
"2022-12-20",11990,2,6990
"2022-12-05",415000,2,410000
"2022-12-03",275000,2,270000
"2022-12-03",297000,2,292000
"2022-12-28",139800,11,124800
"2022-12-15",53000,2,48000
"2022-12-31",19425,5,4425
"2022-12-09",1439000,5,1424000
"2022-12-09",389700,2,384700
"2022-12-14",150000,2,145000
"2022-12-28",39900,11,24900
"2022-12-13",84000,5,69000
"2022-12-02",72680,2,67680
"2022-12-31",195000,5,180000
"2022-12-06",151800,5,136800
"2022-12-10",93000,2,88000
"2022-12-23",197500,2,192500
"2022-12-20",129000,2,124000
"2022-12-03",155046,5,140046
"2022-12-14",200000,5,185000
"2022-12-15",228000,2,223000
"2022-12-27",192450,11,177450
"2022-12-25",115999,11,100999
"2022-12-14",2682000,2,2677000
"2022-12-27",129000,11,114000
"2022-12-31",2682000,5,2667000
"2022-12-30",55000,11,40000
"2022-12-15",319200,2,314200
"2022-12-27",2830000,11,2815000
"2022-12-27",654000,11,639000
"2022-12-23",185000,5,170000
"2022-12-12",150000,4,120000
"2022-12-09",390000,5,375000
"2022-12-22",125970,5,110970
"2022-12-02",300000,5,285000
"2022-12-18",197938,5,182938
"2022-12-10",55000,2,50000
"2022-12-24",447000,5,432000
"2022-12-07",960000,2,955000
"2022-12-04",54900,5,39900
"2022-12-22",31000,5,16000
"2022-12-20",64000,5,49000
"2022-12-23",60000,2,55000
"2022-12-04",100000,2,95000
"2022-12-21",18400,5,3400
"2022-12-21",212400,5,197400
"2022-12-05",66000,2,61000
"2022-12-30",55200,11,40200
"2022-12-31",378000,5,363000
"2022-12-23",160000,2,155000
"2022-12-27",98969,11,83969
"2022-12-25",88000,11,73000
"2022-12-28",345000,11,330000
"2022-12-20",224000,5,209000
"2022-12-28",9748,11,-5252
"2022-12-31",379800,5,364800
"2022-12-27",639800,11,624800
"2022-12-14",151500,2,146500
"2022-12-16",2800,5,-12200
"2022-12-28",3550000,11,3535000
"2022-12-28",415500,11,400500
"2022-12-24",160000,5,145000
"2022-12-03",25000,2,20000
"2022-12-03",85000,2,80000
"2022-12-20",207000,5,192000
"2022-12-15",96000,2,91000
"2022-12-27",143400,11,128400
"2022-12-02",66000,2,61000
"2022-12-04",150000,5,135000
"2022-12-23",200000,5,185000
"2022-12-03",557000,5,542000
"2022-12-25",131400,11,116400
"2022-12-16",199900,2,194900
"2022-12-19",165000,5,150000
"2022-12-16",260000,2,255000
"2022-12-25",675000,11,660000
"2022-12-29",250000,11,235000
"2022-12-08",1347000,5,1332000
"2022-12-26",20000,11,5000
"2022-12-24",493000,5,478000
"2022-12-10",110000,2,105000
"2022-12-08",36000,2,31000
"2022-12-15",830000,5,815000
"2022-12-24",318000,5,303000
"2022-12-03",40500,2,35500
"2022-12-20",50000,2,45000
"2022-12-29",282000,11,267000
"2022-12-03",127980,2,122980
"2022-12-22",138000,5,123000
"2022-12-08",69000,5,54000
"2022-12-05",136500,5,121500
"2022-12-17",124800,2,119800
"2022-12-30",65172,11,50172
"2022-12-17",55000,5,40000
"2022-12-15",752000,2,747000
"2022-12-20",46400,5,31400
"2022-12-04",555000,2,550000
"2022-12-02",1799800,2,1794800
"2022-12-24",224400,2,219400
"2022-12-30",480000,11,465000
"2022-12-10",68700,5,53700
"2022-12-26",2898000,11,2883000
"2022-12-13",2700,5,-12300
"2022-12-03",231000,5,216000
"2022-12-06",30000,2,25000
"2022-12-01",17900,2,12900
"2022-12-31",99000,5,84000
"2022-12-21",569700,2,564700
"2022-12-14",75999,5,60999
"2022-12-28",338000,11,323000
"2022-12-04",199999,5,184999
"2022-12-25",50520,11,35520
"2022-12-12",472500,4,442500
"2022-12-06",31400,5,16400
"2022-12-15",599998,5,584998
"2022-12-22",125000,5,110000
"2022-12-10",1449000,5,1434000
"2022-12-02",69642,2,64642
"2022-12-25",168750,11,153750
"2022-12-12",129000,4,99000
"2022-12-24",267000,5,252000
"2022-12-06",447000,2,442000
"2022-12-16",36800,2,31800
"2022-12-24",375000,5,360000
"2022-12-02",654000,2,649000
"2022-12-22",129900,5,114900
"2022-12-01",675000,2,670000
"2022-12-13",538000,5,523000
"2022-12-31",130000,5,115000
"2022-12-23",105400,5,90400
"2022-12-06",55365,5,40365
"2022-12-20",104000,5,89000
"2022-12-30",581400,11,566400
"2022-12-10",62000,2,57000
"2022-12-31",94500,5,79500
"2022-12-05",390000,5,375000
"2022-12-05",156000,2,151000
"2022-12-29",145360,11,130360
"2022-12-10",73500,5,58500
"2022-12-02",462000,5,447000
"2022-12-12",689997,4,659997
"2022-12-06",27000,5,12000
"2022-12-24",114000,2,109000
"2022-12-23",168750,5,153750
"2022-12-26",495000,11,480000
"2022-12-24",215100,5,200100
"2022-12-15",187960,5,172960
"2022-12-29",105600,11,90600
"2022-12-26",255000,11,240000
"2022-12-06",110000,2,105000
"2022-12-16",2199800,2,2194800
"2022-12-14",300000,2,295000
"2022-12-12",121500,4,91500
"2022-12-29",124900,11,109900
"2022-12-05",199999,5,184999
"2022-12-04",70000,2,65000
"2022-12-09",59700,5,44700
"2022-12-24",186000,2,181000
"2022-12-20",165000,2,160000
"2022-12-13",36374,5,21374
"2022-12-22",124800,2,119800
"2022-12-24",227700,2,222700
"2022-12-08",59000,5,44000
"2022-12-15",234000,5,219000
"2022-12-07",69000,2,64000
"2022-12-14",297000,5,282000
"2022-12-15",81000,2,76000
"2022-12-19",3661020,5,3646020
"2022-12-13",111100,5,96100
"2022-12-11",23980,2,18980
"2022-12-03",415500,5,400500
"2022-12-24",81368,2,76368
"2022-12-22",75000,2,70000
"2022-12-13",81000,2,76000
"2022-12-26",299997,11,284997
"2022-12-18",650000,2,645000
"2022-12-24",480000,5,465000
"2022-12-19",379800,5,364800
"2022-12-01",390000,1,375000
"2022-12-30",4100000,11,4085000
"2022-12-09",499000,2,494000
"2022-12-13",165000,2,160000
"2022-12-06",282000,2,277000
"2022-12-14",116250,2,111250
"2022-12-18",159000,2,154000
"2022-12-31",84645,5,69645
"2022-12-13",299800,2,294800
"2022-12-04",555000,2,550000
"2022-12-20",159000,2,154000
"2022-12-12",77370,4,47370
"2022-12-12",959700,4,929700
"2022-12-16",124000,5,109000
"2022-12-04",534966,2,529966
"2022-12-24",2025000,2,2020000
"2022-12-04",150000,5,135000
"2022-12-21",119900,5,104900
"2022-12-05",2682000,2,2677000
"2022-12-22",109630,5,94630
"2022-12-08",250200,5,235200
"2022-12-19",45800,2,40800
"2022-12-05",375300,2,370300
"2022-12-07",47000,2,42000
"2022-12-14",140000,2,135000
"2022-12-31",5070,5,-9930
"2022-12-18",52000,2,47000
"2022-12-05",30000,2,25000
"2022-12-03",18187,2,13187
"2022-12-23",120000,5,105000
"2022-12-04",338000,5,323000
"2022-12-03",1830510,2,1825510
"2022-12-10",1575,2,-3425
"2022-12-19",155000,5,140000
"2022-12-09",174000,5,159000
"2022-12-14",159000,2,154000
"2022-12-26",205000,11,190000
"2022-12-11",48500,2,43500
"2022-12-30",72680,11,57680
"2022-12-01",31500,1,16500
"2022-12-01",237000,1,222000
"2022-12-13",389700,5,374700
"2022-12-01",64500,1,49500
"2022-12-27",390000,11,375000
"2022-12-19",1400,5,-13600
"2022-12-13",231000,5,216000
"2022-12-06",220000,5,205000
"2022-12-22",450000,2,445000
"2022-12-11",99150,5,84150
"2022-12-07",435000,2,430000
"2022-12-08",68888,5,53888
"2022-12-15",62200,2,57200
"2022-12-23",460000,2,455000
"2022-12-27",147420,11,132420
"2022-12-05",24250,5,9250
"2022-12-06",168750,2,163750
"2022-12-24",85000,5,70000
"2022-12-31",159600,5,144600
"2022-12-31",507000,5,492000
"2022-12-26",506250,11,491250
"2022-12-04",85320,2,80320
"2022-12-23",398000,5,383000
"2022-12-16",21500,2,16500
"2022-12-13",177000,2,172000
"2022-12-10",113700,5,98700
"2022-12-20",65700,2,60700
"2022-12-01",39405,1,24405
"2022-12-25",22500,11,7500
"2022-12-11",170000,5,155000
"2022-12-09",56079,2,51079
"2022-12-09",62000,2,57000
"2022-12-08",68000,5,53000
"2022-12-25",129000,11,114000
"2022-12-03",207000,2,202000
"2022-12-03",158100,5,143100
"2022-12-12",1796000,4,1766000
"2022-12-12",100000,4,70000
"2022-12-12",200000,4,170000
"2022-12-12",615000,4,585000
"2022-12-12",108000,4,78000
"2022-12-12",192000,4,162000
"2022-12-12",147900,4,117900
"2022-12-12",260000,4,230000
"2022-12-12",100000,4,70000
"2022-12-12",6796000,4,6766000
"2022-12-12",318000,4,288000
"2022-12-12",316000,4,286000
"2022-12-12",159000,4,129000
"2022-12-12",4347000,4,4317000
"2022-12-12",348750,4,318750
"2022-12-12",920000,4,890000
"2022-12-12",299999,4,269999
"2022-12-12",447000,4,417000
"2022-12-12",1114000,4,1084000
"2022-12-12",120000,4,90000
"2022-12-12",567000,4,537000
"2022-12-12",227997,4,197997
"2022-12-12",39500,4,9500
"2022-12-12",194000,4,164000
"2022-12-12",7500,4,-22500
"2022-12-12",311700,4,281700
"2022-12-12",146000,4,116000
"2022-12-12",78999,4,48999
"2022-12-12",157500,4,127500
"2022-12-12",689997,4,659997
"2022-12-12",4874,4,-25126
"2022-12-12",119900,4,89900
"2022-12-31",250000,5,235000
"2022-12-31",472500,5,457500
"2022-12-31",460000,5,445000
"2022-12-31",260000,5,245000
"2022-12-31",290000,5,275000
"2022-12-31",231998,5,216998
"2022-12-31",10000,5,-5000
"2022-12-31",290000,5,275000
"2022-12-31",72000,5,57000
"2022-12-31",51200,5,36200
"2022-12-31",197100,5,182100
"2022-12-31",399998,5,384998
"2022-12-31",231000,5,216000
"2022-12-31",47960,5,32960
"2022-12-31",159000,5,144000
"2022-12-31",165000,5,150000
"2022-12-31",415600,5,400600
"2022-12-31",128000,5,113000
"2022-12-31",220000,5,205000
"2022-12-31",540000,5,525000
"2022-12-31",165000,5,150000
